Station,Occurrences,Latitude,Longitude
Southport Ave & Clybourn Ave,10180,41.920771,-87.663712
Clarendon Ave & Gordon Ter,14734,41.957879424,-87.649583697
Prairie Ave & Garfield Blvd,1593,41.794827223,-87.618794918
Wells St & Concord Ln,37661,41.912133,-87.634656
Franklin St & Illinois St,14059,41.89102331025185,-87.63547986745834
Indiana Ave & 31st St,4515,41.838842,-87.621857
Calumet Ave & 33rd St,9408,41.8349,-87.61793
Broadway & Thorndale Ave,7894,41.98974251144,-87.6601406209
McClurg Ct & Erie St,15597,41.894503,-87.617854
Halsted St & 63rd St,164,41.779432654,-87.644514203
Rockwell St & Eastwood Ave,3882,41.965816021,-87.693648815
Clark St & Grace St,14236,41.950824142,-87.659229755
California Ave & Montrose Ave,3658,41.961068,-87.695439
Sheffield Ave & Fullerton Ave,24837,41.9256018819,-87.6537080423
Racine Ave & Congress Pkwy,8830,41.87464,-87.65703
Francisco Ave & Foster Ave,2566,41.97563272521,-87.7014194389
Shedd Aquarium,24699,41.867226,-87.615355
Southport Ave & Wellington Ave,13703,41.935829759,-87.663625121
Stockton Dr & Wrightwood Ave,16683,41.93132,-87.638742
Ravenswood Ave & Lawrence Ave,17529,41.96909,-87.674237
Ravenswood Ave & Berteau Ave,4411,41.957921,-87.673567
Morgan St & Lake St*,6254,41.885566354,-87.652404785
Knox Ave & Montrose Ave,1575,41.960631132,-87.745355248
Lincoln Ave & Fullerton Ave,23000,41.924161029067626,-87.64638036489487
Mies van der Rohe Way & Chestnut St,15643,41.898902666666665,-87.62276716666666
Damen Ave & Leland Ave,6222,41.967082143,-87.679026365
Clark St & Berwyn Ave,12416,41.97803062248656,-87.66856491565704
Wabash Ave & 83rd St,80,41.74334836,-87.62283158299999
Streeter Dr & Grand Ave,73203,41.892283916,-87.611990213
Stewart Ave & 63rd St,170,41.779860377,-87.6347965
Franklin St & Adams St (Temp),10295,41.87943409140013,-87.63550400733948
Larrabee St & Division St,12487,41.90348607004,-87.6433534936
N Carpenter St & W Lake St,3134,41.89,-87.65
Clark St & Lincoln Ave,27040,41.91572383333333,-87.63460883333333
LaSalle St & Jackson Blvd,15342,41.878166,-87.631929
Morgan St & 31st St,3881,41.837791204,-87.651172161
Ridge Blvd & Howard St,900,42.019266844,-87.684514165
Michigan Ave & 14th St,11993,41.864059,-87.623727
Shields Ave & 28th Pl,3341,41.842733,-87.635491
Sedgwick St & Schiller St,4465,41.907626,-87.638566
DuSable Lake Shore Dr & Wellington Ave,19431,41.936754465,-87.636813164
New St & Illinois St,21444,41.890680552,-87.618609786
Sheridan Rd & Columbia Ave,3788,42.004583,-87.661406
Damen Ave & Charleston St,6355,41.920017123,-87.677894354
Wells St & Elm St,31817,41.903033733,-87.634494662
Elston Ave & Wabansia Ave,3284,41.912970901,-87.664095759
Desplaines St & Kinzie St,21533,41.888716036,-87.6444478533
Francisco Ave & Montrose Ave,1684,41.96,-87.7
Harper Ave & 59th St,6377,41.787917495,-87.58833015
Indiana Ave & 26th St,2924,41.845687,-87.622481
Kimball Ave & Belmont Ave,2833,41.93939395344302,-87.71206766366959
Orleans St & Merchandise Mart Plaza,19360,41.88788867,-87.636901259
Ellis Ave & 60th St,26067,41.785174251,-87.601122499
Rush St & Cedar St,17223,41.9024495,-87.62796833333333
Wells St & Walton St,11011,41.89993001,-87.63443007
Burling St & Diversey Pkwy,14946,41.93314,-87.64776
Buckingham Fountain,7425,41.876423,-87.620339
Ashland Ave & Grand Ave,5961,41.891081929,-87.666687012
Kingsbury St & Erie St,18490,41.89380805624359,-87.64169722795485
Franklin St & Monroe St,16019,41.880317,-87.635185
Wabash Ave & Grand Ave,27247,41.891533613,-87.626582146
Ashland Ave & Blackhawk St,9787,41.907066,-87.667252
Southport Ave & Clark St,3594,41.957104445,-87.664228439
Lincoln Ave & Belmont Ave (Temp),8438,41.939424753,-87.67106545
Ashland Ave & Grace St,7720,41.950687,-87.6687
Central Ave & Roscoe St,383,41.94,-87.77
Orleans St & Chestnut St (NEXT Apts),9625,41.898203,-87.637536
Damen Ave & Chicago Ave,11289,41.89563833333333,-87.6770655
Sangamon St & Washington Blvd,9442,41.882997632,-87.651050329
N Damen Ave & W Chicago Ave,826,41.9,-87.68
Wentworth Ave & 24th St (Temp),1984,41.85008369347577,-87.6321405172348
Sheridan Rd & Greenleaf Ave,2239,42.01058656284,-87.6624120948
Albany Ave & Montrose Ave,2330,41.96104183333333,-87.70581433333334
Ada St & Washington Blvd,8211,41.882791758,-87.66112864
Wood St & Augusta Blvd,6287,41.89921116666667,-87.672199
Halsted St & Dickens Ave,17157,41.919936,-87.64883
Kedzie Ave & Bryn Mawr Ave,1108,41.982325792,-87.708863616
Michigan Ave & Jackson Blvd,13368,41.87785,-87.62408
Jefferson St & Monroe St,9648,41.880329633634624,-87.64274597167967
Wells St & Hubbard St,24998,41.889906,-87.634266
Lincoln Ave & Winona St,2818,41.97492671,-87.692660689
900 W Harrison St,13691,41.8748101,-87.64974761
Wabash Ave & 16th St,8770,41.860324166666665,-87.62586916666666
Western Ave & Congress Pkwy,3794,41.874573112,-87.686460018
Desplaines St & Jackson Blvd,12417,41.87811890091227,-87.64394760131836
Kedzie Ave & Palmer Ct,4520,41.921525,-87.707322
Broadway & Ridge Ave,7662,41.984058619,-87.6603055
Wentworth Ave & 33rd St,3588,41.834572077,-87.631839871
Damen Ave & Coulter St,836,41.849205732,-87.675676346
California Ave & 21st St,1196,41.8537975,-87.69571666666667
Clark St & Ida B Wells Dr,6889,41.8759326655,-87.6305845355
Wentworth Ave & 35th St,2181,41.830777,-87.632504
Woodlawn & 103rd - Olive Harvey Vaccination Site,92,41.71,-87.59
Komensky Ave & 55th St,216,41.79,-87.72
Aberdeen St & Monroe St,10193,41.880419,-87.655519
Winchester Ave & Elston Ave,3929,41.92409085038,-87.6764600747
Sheffield Ave & Wrightwood Ave,17671,41.928712,-87.653833
Lavergne & Fullerton,494,41.92,-87.75
Blackstone Ave & Hyde Park Blvd,5006,41.802562,-87.590368
Public Rack - Western Ave & Devon Ave,224,42.0,-87.69
Michigan Ave & 71st St,138,41.765286,-87.621748
Spaulding Ave & Armitage Ave,5752,41.917094827,-87.710256219
Lake Park Ave & 53rd St,7553,41.79949429373,-87.5864498959
Honore St & Division St,12905,41.903119,-87.673935
Public Rack - Woodlawn Ave & 63rd St N,175,41.78,-87.6
Pine Grove Ave & Irving Park Rd,16533,41.954383,-87.648043
Racine Ave & 13th St,1114,41.865015,-87.65698116666667
Narragansett & Irving Park,506,41.95,-87.79
Meade Ave & Addison St,129,41.95,-87.78
Smith Park,2018,41.892048,-87.689397
Winchester (Ravenswood) Ave & Balmoral Ave,2337,41.979811668,-87.677551985
Public Rack - Washtenaw Ave & Devon Ave,391,42.0,-87.7
State St & 95th St,903,41.721614833333334,-87.62281083333333
Paulina St & 18th St,5163,41.857921839,-87.668645978
Fairfield Ave & 44th St,260,41.81,-87.69
Eggleston Ave & 69th St,325,41.768898,-87.635876
Southport Ave & Belmont Ave,13095,41.93947775040509,-87.6637476682663
Western Ave & Monroe St,2492,41.8797877089,-87.686112808
Evanston Civic Center,1304,42.056989074,-87.686560988
,834545,41.91,-87.63
Halsted St & Clybourn Ave,22471,41.909668,-87.648128
Sheridan Rd & Noyes St (NU),6465,42.058239,-87.677432
Glenwood Ave & Touhy Ave,2233,42.012879729,-87.666021109
Broadway & Wilson Ave,5610,41.965221,-87.658139
Damen Ave & Clybourn Ave,4988,41.931847811,-87.677759647
Desplaines St & Randolph St,11668,41.88461618962,-87.6445705849
Damen Ave & Wellington Ave,5563,41.93588,-87.67842
Western Ave & Ardmore Ave,229,41.99,-87.69
Loomis St & Archer Ave,1484,41.841676593,-87.657447815
Clinton St & Polk St,1185,41.87146651779,-87.6409491327
Clybourn Ave & Division St,7864,41.904593166666665,-87.64061316666667
Stony Island Ave & 64th St,474,41.778881,-87.586647
Clinton St & Madison St,27011,41.882873178,-87.64174509
Ashland Ave & Wrightwood Ave,6232,41.92883,-87.668507
Greenwood Ave & 97th St,228,41.718712687,-87.596968651
Wabash Ave & 9th St,14930,41.870769,-87.625734
California & 16th St,178,41.86,-87.7
Princeton Ave & 47th St,809,41.809390306,-87.633447051
Dauphin Ave & 103rd St,135,41.707330166666665,-87.60763366666667
Cottage Grove Ave & 63rd St,1512,41.78053094070882,-87.6059702038765
Lamon Ave & Armitage Ave,311,41.92,-87.75
Millard Ave & 26th St,439,41.84453112462163,-87.71592199802399
Central Park Ave & 24th St,425,41.848094225,-87.715147376
Halsted St & Maxwell St,11896,41.864883,-87.647071
Campbell Ave & Montrose Ave,3160,41.961524,-87.691177
Troy St & Elston Ave,2474,41.94524356848,-87.7066499009
Sheffield Ave & Wellington Ave,18763,41.93627983333333,-87.65263633333333
California Ave & Milwaukee Ave,13490,41.922695,-87.697153
Lincoln Ave & Roscoe St*,7357,41.9433502470174,-87.67066776752472
California Ave & 23rd Pl,744,41.84910969176,-87.6951398068
Meade Ave & Diversey Ave,319,41.93,-87.78
Morgan Ave & 14th Pl,5235,41.862333166666666,-87.65111316666666
Clinton St & Roosevelt Rd,8916,41.86708343,-87.640980244
Wabash Ave & Adams St,10152,41.87947235235,-87.6256886059
Campbell Ave & Montrose Ave (Temp),208,41.961484,-87.692321
DuSable Lake Shore Dr & Monroe St,40982,41.880958,-87.616743
California Ave & 26th St,370,41.8436799145765,-87.69496858119965
Cornell Ave & Hyde Park Blvd,8260,41.802229524,-87.586810827
Halsted St & Wrightwood Ave,21176,41.929143,-87.649077
Lincoln Ave & Peterson Ave,566,41.99,-87.71
Carpenter St & Huron St,11793,41.89460659,-87.653461456
Hermitage Ave & Polk St,6287,41.871519446,-87.669902682
Ashland Ave & Augusta Blvd,7344,41.899643,-87.6677
Princeton Ave & Garfield Blvd,451,41.794968843,-87.633119702
Cherry Ave & Blackhawk St,2371,41.907297611,-87.655711174
Halsted St & 96th St,407,41.719712183618824,-87.6430195569992
Public Rack - Kildare Ave & Washignton Blvd,3,41.88,-87.73
Michigan Ave & Madison St,10805,41.882108569,-87.625242591
Public Rack - Christiana Ave & Belmont Ave,369,41.94,-87.71
Tripp Ave & 15th St,46,41.86,-87.73
Western Ave & Roscoe St,4020,41.943034,-87.687288
Kedzie Ave & Harrison St,222,41.87359967462,-87.7048707493
California Ave & Division St,4579,41.903060079,-87.697484374
Financial Pl & Ida B Wells Dr,9540,41.875055671,-87.633106709
Kedzie Ave & 45th St,208,41.81,-87.7
Clark St & Drummond Pl,23380,41.93127633333334,-87.64420616666666
Indiana Ave & 103rd St,205,41.70717027117756,-87.6184719800949
Public Rack - Lockwood Ave & Diversey Ave,296,41.93,-87.76
Mayfield & Roosevelt Rd,24,41.87,-87.77
Commercial Ave & 83rd St,197,41.744677186,-87.551214576
Racine Ave & Garfield Blvd,242,41.794228,-87.655073
Kosciuszko Park,3165,41.930567333333336,-87.72386183333333
Laflin St & Cullerton St,3226,41.85491457576575,-87.66355991363525
Spaulding Ave & Division St,2741,41.902729869,-87.709277034
Public Rack - California Ave & Marquette Rd,26,41.77,-87.69
Canal St & Adams St,24252,41.879395127,-87.639939666
State St & 76th St,95,41.756971,-87.624621
Marquette Ave & 89th St,124,41.73376583333334,-87.55856783333333
Kostner Ave & 63rd St,139,41.78,-87.73
Humboldt Blvd & Armitage Ave,5672,41.917557478,-87.701717377
State St & Randolph St,18547,41.88462107257936,-87.62783423066139
Artesian Ave & 55th St,251,41.79,-87.69
Leavitt St & Chicago Ave,5345,41.895501,-87.682017
Big Marsh Park,276,41.68587705562333,-87.57382392883301
Richmond St & Lincoln Ave,240,41.99,-87.7
Public Rack - McCormick Blvd & Devon Ave,94,42.0,-87.71
Yates Blvd & 75th St,266,41.758768,-87.56644
Public Rack - Baltimore Ave & 133rd St,14,41.65,-87.55
Shore Dr & 55th St,11642,41.795212,-87.580715
Lake Park Ave & 47th St,2629,41.809443,-87.591875
Wood St & Chicago Ave,7738,41.895634,-87.672069
Cottage Grove Ave & 111th Pl,204,41.69170975847015,-87.61000156402588
Greenview Ave & Fullerton Ave,13516,41.92545855,-87.665892363
Stony Island Ave & 67th St,464,41.773451567,-87.585270047
Clark St & Schreiber Ave,3474,41.99925182186,-87.6713773393
Western Ave & 111th St,398,41.691211034981045,-87.68129736185074
Damen Ave & Madison St,3147,41.881411314,-87.674927711
Sheridan Rd & Buena Ave,10330,41.958494,-87.654966
Mulligan Ave & Wellington Ave,351,41.93,-87.78
Loomis St & 89th St,130,41.732463598,-87.658054233
Public Rack - Komensky Ave & 59th St,3,41.79,-87.72
Dauphin Ave & 87th St,190,41.73655902282214,-87.60125756263733
Washtenaw Ave & Peterson Ave,337,41.99,-87.7
Kedzie Ave & Lake St,1135,41.884603,-87.706304
Ashland Ave & 63rd St,199,41.779373527,-87.664954185
Public Rack - Kildare Ave & North Ave,24,41.91,-87.73
Stony Island Ave & 63rd St,77,41.78,-87.59
Western Ave & Winnebago Ave,11306,41.91552,-87.687022
Spaulding Ave & 16th St,71,41.86,-87.71
Western Ave & Granville Ave,1487,41.99419713,-87.689505577
Cottage Grove Ave & 67th St,439,41.77372095205,-87.60563486
Plainfield & Irving Park,76,41.95,-87.83
Oketo Ave & Addison St,145,41.94,-87.81
Kilpatrick Ave & Parker Ave,622,41.93,-87.74
Chicago Ave & Sheridan Rd,4885,42.050491,-87.677821
Austin Blvd & Lake St,469,41.887941599,-87.774499416
Public Rack - Cicero Ave & Wrightwood Ave,341,41.93,-87.75
Fort Dearborn Dr & 31st St,8214,41.838556,-87.608218
Lincolnwood Dr & Central St,577,42.064748287,-87.715313911
State St & 79th St,619,41.750757098,-87.624497294
Southport Ave & Irving Park Rd,8404,41.95405817,-87.664045811
Kedzie Ave & 24th St,303,41.848190308,-87.705479503
Larrabee St & North Ave,7588,41.910186768,-87.643478513
Calumet Ave & 18th St,8682,41.85761755293753,-87.61941075325012
Milwaukee Ave & Wabansia Ave,13028,41.912616,-87.681391
Sheffield Ave & Webster Ave,18998,41.921693087,-87.653823137
Ritchie Ct & Banks St,12464,41.906884789,-87.626224756
LaSalle St & Washington St,8909,41.882567763,-87.632375956
Public Rack - Central Ave & George St,41,41.93,-87.77
Calumet Ave & 35th St,3105,41.831379,-87.618034
Mies van der Rohe Way & Chicago Ave,15491,41.896944626370825,-87.62175768613815
Pulaski & Ann Lurie Pl,163,41.82,-87.72
Public Rack - Christiana Ave & Archer Ave,124,41.81,-87.71
Sacramento Blvd & Addison St,1006,41.95,-87.7
Kilpatrick Ave & Grand Ave,267,41.91,-87.74
Adler Planetarium,16167,41.86615066666667,-87.60727716666666
Stetson Ave & South Water St,11830,41.886756301,-87.622464061
McClurg Ct & Ohio St,21833,41.892447233,-87.617248297
Kedzie Ave & 57th St,538,41.79,-87.7
Dodge Ave & Main St,628,42.034846544,-87.699111581
Racine Ave & 18th St,7445,41.85815783333334,-87.65641566666666
Clark St & Schiller St,19674,41.907993,-87.631501
Walsh Park,8359,41.91461,-87.667968
Lamon Ave & Chicago Ave,136,41.9,-87.75
California Ave & 36th St,122,41.83,-87.69
Wood St & Taylor St (Temp),6792,41.869436026,-87.673799157
Kedzie Ave & 48th Pl,1279,41.8,-87.7
Ashland Ave & Belle Plaine Ave,3562,41.95612061,-87.668925047
Manor Ave & Leland Ave,2214,41.965936065,-87.700823665
Harlem & Irving Park,735,41.95,-87.81
Halsted St & 69th St,133,41.76906172032,-87.6446135779
Wentworth Ave & 63rd St,552,41.78007963264,-87.6297463052
Wolcott (Ravenswood) Ave & Montrose Ave,6270,41.961446643,-87.676217794
Western Ave & Berteau Ave,951,41.96,-87.69
Sheridan Rd & Lawrence Ave,6989,41.969522119,-87.654743075
Halsted St & 21st St,2279,41.85377981072743,-87.6466029882431
Benson Ave & Church St,5936,42.048214,-87.683485
St Louis Ave & 59th St,248,41.79,-87.71
Central St & Girard Ave,1273,42.06432426,-87.686156988
Western Ave & 62nd St,29,41.78,-87.68
Central Park Ave & Elbridge Ave,3323,41.935374737,-87.716798425
Kilbourn Ave & Milwaukee Ave,435,41.94707089418471,-87.74000823497772
Woodlawn Ave & Lake Park Ave,1503,41.81409271048,-87.5970051479
Public Rack - Kedzie Ave & Argyle St,252,41.97,-87.71
Mason Ave & Belmont Ave,143,41.94,-87.77
Ashland Ave & McDowell Ave,490,41.808873415,-87.664515615
Albany Ave & 16th St,184,41.86,-87.7
Public Rack - Champlain Ave & 65th St,112,41.78,-87.61
East End Ave & 87th St,160,41.736797094,-87.582802176
Maplewood Ave & 59th St,115,41.79,-87.69
Public Rack - Harold Washington Park,159,41.8,-87.58
Public Rack - Loomis St & 87th St,103,41.74,-87.66
N Southport Ave & W Newport Ave,1396,41.94,-87.66
DuSable Museum,974,41.791519284,-87.607824922
Archer (Damen) Ave & 37th St,568,41.826712,-87.683144
Western Ave & 28th St,74,41.84151770807,-87.6851314409
Phillips Ave & 79th St,312,41.751822,-87.56522716666667
Homewood Ave & 115th St,195,41.684617639,-87.670767903
Pulaski Rd & 60th St,158,41.78,-87.72
Halsted St & 56th St,141,41.79292964599,-87.6449900565
Public Rack - Mt Greenwood Library - South,2,41.69,-87.7
Springfield Ave & 47th St,133,41.81,-87.72
Public Rack - Racine Ave & 109th Pl,249,41.69,-87.65
Public Rack - California Ave & Devon Ave - NW,88,42.0,-87.7
Constance Ave & 95th St,119,41.72229074095262,-87.57896840572357
Canal St & Jackson Blvd,13135,41.877245,-87.639366
Western Blvd & 48th Pl,439,41.805683732,-87.683331132
Paulina St & Howard St,2778,42.019159,-87.673573
Avenue O & 134th St,131,41.65186780228521,-87.53967136144637
Union Ave & Root St,397,41.819132924,-87.643319607
Menard Ave & Division St,51,41.9,-87.77
Clark St & Touhy Ave,986,42.01256011541,-87.6743671152
Clyde Ave & 87th St,115,41.737220645,-87.572716951
Halsted St & Polk St,18418,41.87184,-87.64664
Albany Ave & Bloomingdale Ave,5680,41.913947225,-87.705141544
Public Rack - Newland Ave & Diversey Ave,3,41.93,-87.8
Cottage Grove Ave & 51st St,1809,41.803038,-87.606615
Halsted St & 37th St,479,41.827059,-87.64572
La Villita Park (Albany/30th),75,41.84,-87.7
Austin Blvd & Madison St,454,41.880360484,-87.774482489
Wabash Ave & Wacker Pl,13162,41.886875,-87.62603
Wentworth Ave & Cermak Rd,9652,41.85308455741279,-87.63193130493164
Chicago State University,566,41.718942761,-87.608457208
Ewing Ave & Burnham Greenway,584,41.71274876109496,-87.53481388092041
Broadway & Berwyn Ave,8515,41.978353,-87.659753
Michigan Ave & 114th St,65,41.68701479467118,-87.62105226516724
Clark St & Armitage Ave,29053,41.918306,-87.636282
Leavitt St & Lawrence Ave,3300,41.968885,-87.684001
Clark St & Wellington Ave,17702,41.9364968219,-87.6475386582
Elizabeth St & Fulton St,3605,41.886732578,-87.6595788
Halsted St & Roscoe St,22620,41.9436615,-87.648851
Rush St & Hubbard St,10835,41.890173,-87.626185
Fullerton & Monitor,335,41.92,-87.77
Leamington Ave & Hirsch St,88,41.91,-87.75
Drake Ave & Montrose Ave,1597,41.96115407569,-87.7165690733
Western Ave & Gunnison St,965,41.97,-87.69
Southport Ave & Roscoe St,21051,41.943739,-87.66402
Monticello Ave & Irving Park Rd,1847,41.95400483876,-87.7191281797
N Paulina St & Lincoln Ave,1405,41.94,-87.67
Western Ave & Grace St,1602,41.95,-87.69
Clark St & Leland Ave,10321,41.96708783918421,-87.66729086637497
Wells St & 19th St,2300,41.856829643,-87.633813858
Greenwood Ave & 79th St,129,41.751308918,-87.597488403
Perry Ave & 69th St,426,41.76929308995,-87.6281959291
Western Ave & Walton St,8051,41.89841768945,-87.6865960164
Ellis Ave & 58th St,10476,41.788746,-87.601334
MLK Jr Dr & 29th St,10955,41.842052,-87.617
Wabash Ave & Cermak Rd,3696,41.852619,-87.626488
Racine Ave & Randolph St,5823,41.884069,-87.656853
Western Ave & Howard St,1330,42.018901,-87.690048
State St & Pershing Rd,198,41.82301523798,-87.6265680185
Wilton Ave & Diversey Pkwy*,3633,41.932418,-87.652705
Clark St & North Ave,12780,41.911974,-87.631942
Sedgwick St & Webster Ave,14981,41.92213983333333,-87.6389775
Ashland Ave & Archer Ave,1673,41.83920868403,-87.6656098589
California Ave & Winona St,742,41.97,-87.7
Lincoln Ave & Sunnyside Ave,6444,41.963042855,-87.684814334
Warren Park East,1094,42.00454962194,-87.6806661451
Public Rack - Kostner Ave & Diversey Ave,98,41.93,-87.74
Western Ave & Fillmore St,6101,41.86859616666667,-87.68628383333333
Rockwell St & Fletcher St,2079,41.94,-87.69
Avers Ave & Belmont Ave,2438,41.939408,-87.723574
Michigan Ave & Pearson St,10602,41.89766,-87.62351
Canal St & Harrison St,3297,41.874255,-87.639573
Public Rack - Kildare Ave & Division St,83,41.9,-87.73
Washtenaw Ave & Polk St,799,41.87,-87.69
Kedzie Ave & George St,1227,41.93,-87.71
Public Rack - Laramie Ave & Fullerton Ave,96,41.92,-87.76
Public Rack - Monticello Ave & Belmont Ave,256,41.94,-87.72
Public Rack - Pulaski Rd & 44th St,106,41.81,-87.72
Clinton St & Washington Blvd,28766,41.88338,-87.64117
Central Park Ave & Ogden Ave,817,41.854063503874464,-87.71511733531952
Public Rack - Harper Ave & 63rd St,5,41.78,-87.59
Oak Park & Wellington,206,41.93,-87.8
Kedzie Ave & 110th St,159,41.692403078,-87.700941205
Fairbanks Ct & Grand Ave,19127,41.892087833333335,-87.62077616666667
California Ave & Cortez St,7020,41.900363,-87.696704
Ashland Ave & Wellington Ave,7245,41.936116815,-87.669873834
Sayre & Diversey,521,41.93,-87.8
Damen Ave & Thomas St (Augusta Blvd),8453,41.901315,-87.677409
Clark St & 9th St (AMLI),5875,41.870816,-87.631246
Emerald Ave & 28th St,2909,41.84358,-87.645368
Kilbourn & Roscoe,518,41.94,-87.74
Paulina St & Montrose Ave,4567,41.961507,-87.671387
Elston Ave & George St,1662,41.93,-87.69
Ashland Ave & 50th St,236,41.802999616,-87.664693356
Racine Ave & 61st St,64,41.783189,-87.654372
Pulaski Rd & Lake St,223,41.885325074,-87.726578236
Rockwell St & Cermak Rd,993,41.85,-87.69
Stony Island Ave & South Chicago Ave,122,41.751173,-87.585337
Leavitt St & Addison St,3441,41.946655,-87.683359
MLK Jr Dr & 63rd St,462,41.78008063659,-87.6159428567
Latrobe Ave & Chicago Ave,183,41.894745,-87.756895
Montrose Harbor,20653,41.963982,-87.638181
Laramie Ave & Kinzie St,241,41.887878656,-87.75568378
Clark St & Lake St,16267,41.88602082773,-87.6308760584
Damen Ave & Division St,9129,41.903266,-87.678435
Millennium Park,34265,41.8810317,-87.62408432
Public Rack - Houston Ave & 131st St,11,41.66,-87.55
Long Ave & Belden Ave,343,41.92,-87.76
DuSable Lake Shore Dr & Diversey Pkwy,22820,41.932591796,-87.636403322
Stewart Ave & 83rd St,207,41.743730307,-87.6340909
Lincoln Ave & Diversey Pkwy,15332,41.932225,-87.658617
Marshfield Ave & 44th St,296,41.813991333333334,-87.66663916666667
Vincennes Ave & 75th St,98,41.75797,-87.63121
Lincoln Ave & Belle Plaine Ave,6185,41.955983043,-87.68028008900001
Theater on the Lake,32737,41.926277,-87.630834
Western Ave & Division St,6069,41.902893,-87.687275
State St & 29th St,1224,41.841707,-87.626938
Public Rack - Komensky Ave & 31st St,37,41.84,-87.73
State St & 35th St,5748,41.8310495,-87.62694516666667
Campbell Ave & Fullerton Ave,3838,41.92463247165,-87.6893070063
Ogden Ave & Chicago Ave,12969,41.8963575,-87.65404
Sedgwick St & Huron St,13799,41.894666,-87.638437
LaSalle St & Adams St,5046,41.879194,-87.6319205
Broadway & Sheridan Rd,16519,41.952798128,-87.650065899
State St & Pearson St,8399,41.897448,-87.628722
Spaulding Ave & 63rd St,137,41.78,-87.71
Central Ave & Harrison St,116,41.872987628,-87.764518619
Archer Ave & 43rd St,178,41.82,-87.7
Public Rack - Western Ave & 100th St,15,41.71,-87.68
S Wentworth Ave & W 111th St,37,41.69,-87.63
Public Rack - Oglesby Ave & 95th St,1,41.72,-87.57
Troy St & Jackson Blvd,70,41.88,-87.7
Pine Grove Ave & Waveland Ave,21174,41.949466944,-87.646380186
Public Rack - 111th St - Morgan Park Metra,32,41.69,-87.67
Western Ave & 104th St,255,41.70458710218908,-87.68120348453522
Public Rack - Kedzie Ave & 63rd St,17,41.78,-87.7
Public Rack - Lawndale Ave & 63rd St,27,41.78,-87.71
Halsted St & 73rd St,158,41.761643767,-87.644102097
Dorchester Ave & 63rd St,925,41.7804056457,-87.5914159893
Public Rack - Prairie Ave & 47th St ,60,41.81,-87.62
Burnham Greenway & 112th St,470,41.691755652,-87.53039968
Public Rack - Rockwell & 111th St,31,41.69,-87.69
Vincennes Ave & 104th St,141,41.7050125,-87.65704916666667
Pulaski Rd & 51st St,1124,41.8,-87.72
Clark St & Elmdale Ave,3826,41.990860448125574,-87.66972362995148
Public Rack - Chase Ave & Touhy Ave - NE,27,42.01,-87.69
Warren Park West,1236,42.001785,-87.688829
Public Rack - Pittsburgh Ave & Irving Park,3,41.95,-87.83
Public Rack - Western Ave & 111th St - SE,5,41.69,-87.68
Hampden Ct & Diversey Ave,4201,41.93,-87.64
Cottage Grove Ave & Oakwood Blvd,1137,41.822959542,-87.607043862
Greenwood Ave & 47th St,2585,41.80986321,-87.599287033
Maryland Ave & 104th St,271,41.71,-87.6
Sacramento Blvd & Franklin Blvd,436,41.89046879243862,-87.70260751247406
Calumet Ave & 71st St,92,41.765563846,-87.616961479
Campbell Ave & Irving Park Rd,647,41.95,-87.69
Halsted St & 111th St,158,41.692294955,-87.642616987
Kildare Ave & 47th St,205,41.81,-87.73
Public Rack - Rockwell Ave & Touhy Ave ,166,42.01,-87.7
Elston Ave & Henderson St,981,41.94,-87.7
Valli Produce - Evanston Plaza,749,42.039742,-87.699413
Glenwood Ave & Morse Ave,4949,42.00801456,-87.665407658
Western Ave & 24th St,945,41.84847,-87.685109
Hegewisch Metra Station,158,41.64850076266409,-87.54608988761902
Leavitt St & Archer Ave,1281,41.82879201994,-87.6806044594
Halsted St & Roosevelt Rd,9432,41.867369533,-87.648684263
Field Blvd & South Water St,12652,41.8864007,-87.617578983
Elmwood Ave & Austin St,1143,42.025784,-87.684107
LaSalle St & Illinois St,24674,41.89086366666667,-87.63194466666667
Troy St & Grace St,1285,41.95,-87.71
Public Rack - Indiana Ave & 111th St,4,41.69,-87.62
Public Rack - Hamilton Ave & 95th St,16,41.72,-87.68
Public Rack - Nagle Ave & Belmont Ave,116,41.94,-87.79
Milwaukee Ave & Rockwell St,4965,41.92019556200566,-87.69265919923781
Albany Ave & Belmont Ave,633,41.94,-87.71
Normal Ave & Archer Ave,998,41.849527,-87.640591
Budlong Woods Library,1066,41.98366470886,-87.6964225611
Prospect Sq & 91st St,201,41.728234,-87.667524
Public Rack - Komensky Ave & 26th St,18,41.84,-87.73
May St & 69th St,372,41.768961668,-87.65293324
University Ave & 57th St,27900,41.791478,-87.599861
Loomis St & Lexington St,24016,41.87222873224032,-87.66136385500431
Broadway & Granville Ave,7720,41.994779333333334,-87.660212
Public Rack - Bell Ave & 95th St,9,41.72,-87.68
Public Rack - Kedzie Ave & 61st Pl E,28,41.78,-87.7
Kedzie Ave & Foster Ave,1369,41.975672,-87.709261
Clinton St & Jackson Blvd,20335,41.878279686,-87.641100645
Cityfront Plaza Dr & Pioneer Ct,12284,41.89038883333333,-87.62197433333333
Elston Ave & Cortland St,9481,41.916440845,-87.666790485
Larrabee St & Oak St,8094,41.90021949323,-87.6429854676
Fairbanks St & Superior St,8119,41.895748,-87.620104
Hoyne Ave & 47th St,324,41.808268189,-87.677183032
McCormick Place,6567,41.851593256,-87.618866324
Dusable Harbor,19470,41.886976,-87.612813
Clark St & Lunt Ave,3849,42.00901118058077,-87.67411172389984
Wood St & Milwaukee Ave,15018,41.907627583,-87.672478914
Rockwell St & Archer Ave,405,41.82,-87.69
Halsted St & 35th St,3014,41.830709219,-87.647043228
Broadway & Argyle St,8813,41.973815,-87.65966
Tripp Ave & 31st St,94,41.84,-87.73
Kildare & Cermak,111,41.85,-87.73
Eberhart Ave & 131st St,86,41.658413151101065,-87.61071089698817
Hastings LWS,67,41.86,-87.68
Calumet Ave & 51st St,1142,41.802306056,-87.618071675
Bennett Ave & 79th St,88,41.751785,-87.578496
Canal St & Taylor St,7266,41.870257,-87.639474
Central Park Ave & Ohio St,252,41.89,-87.72
California Ave & Byron St,2673,41.952214956,-87.698020577
St. Louis Ave & Balmoral Ave,1121,41.980279088,-87.716145992
Public Rack - Laramie Ave & Grand Ave,55,41.92,-87.76
Indiana Ave & 133rd St,16,41.65,-87.62
California Ave & Marquette Rd,181,41.77,-87.69
Kenosha & Wellington,661,41.93,-87.73
Public Rack - Throop St & 109th Pl,34,41.69,-87.65
Orange & Addison,207,41.94,-87.82
Burnham Greenway & 105th St,225,41.704704285,-87.528502226
Public Rack - Kedzie Ave & 54th St - SE,24,41.79,-87.7
Public Rack - Washington Park Ct & 51st St,8,41.8,-87.62
Campbell Ave & North Ave,6677,41.910535,-87.689556
Public Rack - Hyde Park Blvd & 55th St,85,41.8,-87.58
Public Rack - Walden Pkwy & 103rd St,151,41.71,-87.67
Public Rack - Ashland Ave & 76th St,21,41.76,-87.66
Public Rack - Harding Ave & 47th St,6,41.81,-87.72
Public Rack - Pulaski Rd & 65th St,23,41.77,-87.72
Public Rack - Damen Ave & 80th St,5,41.75,-87.67
Pulaski Rd & 21st St,309,41.85,-87.72
Public Rack - Austin Ave & Roscoe St,108,41.94,-87.78
Public Rack - Cicero Ave & Wellington Ave,53,41.94,-87.75
Public Rack - South Shore Dr & 71st St,45,41.77,-87.56
Public Rack - Fullerton Ave & Narragansett Ave,120,41.92,-87.79
South Shore Dr & 74th St,507,41.76218896038,-87.55927465
Paulina Ave & North Ave,8734,41.910391808,-87.670058846
Kedzie Ave & Leland Ave,1926,41.96668636205,-87.7080519806
Greenview Ave & Diversey Pkwy,7426,41.932617188,-87.6659832
Michigan Ave & 18th St,10219,41.857813,-87.62455
Central Ave & Chicago Ave,415,41.894958,-87.764902
Public Rack - Kenton Ave & Palmer St,204,41.92,-87.74
W Oakdale Ave & N Broadway,3600,41.94,-87.64
Tripp Ave & 65th St,163,41.77,-87.73
Public Rack - Lawndale Ave & Diversey Ave,440,41.93,-87.72
Public Rack - Kedzie Ave & Archer Ave,57,41.81,-87.7
Sacramento Blvd & Fulton Ave,199,41.89,-87.7
Ashland Ave & Pershing Rd,305,41.823454142,-87.665602565
Public Rack - Ewing Ave & 95th St,4,41.72,-87.54
Public Rack - King Dr & 115th St,93,41.69,-87.61
Public Rack - Austin Ave & Wrightwood Ave,120,41.93,-87.78
Public Rack - Grand Ave & North Ave,69,41.91,-87.74
Fairfield Ave & Roosevelt Rd,532,41.866624,-87.694521
Public Rack - Talman Ave & Pershing Rd,17,41.82,-87.69
Nordica & Medill,132,41.92,-87.8
Public Rack - Kilbourn Ave & Fullerton Ave,164,41.92,-87.74
Public Rack - Avers Ave & Archer Ave,21,41.8,-87.72
Elizabeth St & 92nd St,264,41.726798963701185,-87.65429019927979
Long Ave & Belmont Ave,333,41.94,-87.76
St. Louis Ave & Fullerton Ave,3792,41.92481559681187,-87.71449506282805
Damen Ave & Cortland St,12728,41.916017532,-87.677269697
Cottage Grove Ave & 47th St,1642,41.809867859,-87.606739283
Winthrop Ave & Lawrence Ave,6903,41.968812,-87.657659
Throop St & 52nd St,107,41.799659,-87.657195
Public Rack - Western Ave & 92nd Pl,22,41.73,-87.68
California Ave & Francis Pl (Temp),4635,41.91849115368695,-87.69742280244827
MTV Hubbard St,1024,41.89,-87.68
Public Rack - Lawndale Ave & 23rd St,28,41.85,-87.72
Leavitt St & North Ave,7435,41.91050936666395,-87.6823890209198
N Clark St & W Elm St,292,41.9,-87.63
Public Rack - Midway Orange Line,108,41.79,-87.74
Rainbow Beach,234,41.75787144829,-87.54938625
Western Ave & Lake St,191,41.88,-87.69
Lake Park Ave & 35th St,2808,41.83127423549,-87.6087991946
Damen Ave & Cullerton St,3201,41.854966518753926,-87.67569959163664
Public Rack - Jonathan Y Scammon Public School,93,41.94,-87.73
Central Ave & Madison St,210,41.880124092,-87.763186216
Troy Ave & 27th St,63,41.84,-87.7
Sawyer Ave & Irving Park Rd,1239,41.95358617895,-87.7093107999
Public Rack - Canty Elementary School,3,41.95,-87.83
Public Rack - Menard Ave & Dakin St - midblock,56,41.95,-87.77
Stony Island Ave & 90th St,127,41.73133933333333,-87.58575216666667
Public Rack - Michigan Ave & 96th St,13,41.72,-87.62
Public Rack - Spaulding Ave & North Ave,363,41.91,-87.71
Canal St & Madison St,16097,41.882409,-87.639767
Field Museum,9839,41.865312,-87.617867
Delano Ct & Roosevelt Rd,7339,41.867504358,-87.632140994
Avenue O & 118th St,124,41.681042194,-87.537935019
Sheffield Ave & Waveland Ave,21884,41.949399,-87.654529
Lake Park Ave & 56th St,8325,41.793242,-87.587782
Central Park & Augusta Blvd,141,41.9,-87.72
Public Rack - Stewart Ave & 123rd St,14,41.67,-87.63
Major Taylor Trail & 115th St,206,41.684952974,-87.645216703
Kedzie Ave & 21st St,621,41.853547454,-87.705094337
Steelworkers Park,58,41.74,-87.53
Public Rack - Keeler Ave & 26th St,3,41.84,-87.73
Public Rack - Lowell Ave & Elston Ave,315,41.97,-87.74
Stony Island Ave & 82nd St,211,41.746526241,-87.585968971
Harding Ave & 26th St,271,41.84,-87.72
Public Rack - Emerald Ave & 43rd St,3,41.82,-87.64
Ridge Blvd & Touhy Ave,864,42.01213227742,-87.6829126443
Clark St & Bryn Mawr Ave,9496,41.983562589,-87.669133663
Leavitt St & Belmont Ave,4664,41.939354,-87.683282
Wilton Ave & Belmont Ave,28081,41.940231918108594,-87.65294373035431
Lakefront Trail & Wilson Ave,8785,41.965845,-87.645361
Larrabee St & Webster Ave,22976,41.921822,-87.64414
Ashland Ave & Lake St,5756,41.885954976,-87.667188883
Mozart St & Jackson Blvd,138,41.88,-87.7
Halsted St & 78th St,207,41.752487,-87.643902
Kildare Ave & 26th St,99,41.84,-87.73
Vernon Ave & 75th St,191,41.758361,-87.614138
California Ave & Lake St,1146,41.88445395657,-87.6962981368
Eastlake Ter & Howard St,818,42.01920250193227,-87.66430288553238
Wood St & Webster Ave,2076,41.92105672992757,-87.67279744148254
Yates Blvd & 93rd St,100,41.726166390245105,-87.5662761926651
Evans Ave & 75th St,244,41.758470416,-87.606417775
Public Rack - Pulaski & 52nd,21,41.8,-87.72
Vernon Ave & 79th St,218,41.75094583333333,-87.61382166666667
Public Rack - Fairfield Ave & 63rd St,37,41.78,-87.69
Racine Ave & Fullerton Ave,13482,41.925566,-87.658416
Racine Ave & Belmont Ave,14735,41.939743,-87.658865
Canal St & Monroe St,14584,41.88177,-87.63931783333334
Michigan Ave & 8th St,17868,41.872773,-87.623981
Woodlawn Ave & 55th St,10019,41.795264,-87.596471
Milwaukee Ave & Grand Ave,15520,41.891550333333335,-87.64820016666667
Racine Ave & 15th St,3458,41.86123383,-87.656481504
Artesian Ave & Hubbard St,4180,41.8895,-87.688257
Racine Ave & Fullerton Ave (Temp),3683,41.925514,-87.658399
Central Park Blvd & 5th Ave,205,41.875679,-87.71547
Calumet Park,217,41.71370983035615,-87.53084421157837
Rockwell St & 57th St,185,41.79,-87.69
Loomis Blvd & 84th St,148,41.741486528618054,-87.65841007232666
Drake Ave & Addison St,2042,41.947326,-87.717582
Sheffield Ave & Kingsbury St,14288,41.910522,-87.653106
Blue Island Ave & 18th St,6336,41.857487,-87.66169133333334
May St & Taylor St,14667,41.869413376,-87.655472994
Clark St & Randolph St,15248,41.88458395,-87.631770611
Clarendon Ave & Junior Ter,12369,41.961004,-87.649603
Milwaukee Ave & Fullerton Ave,4247,41.92,-87.7
Larrabee St & Kingsbury St,20368,41.897764,-87.642884
Aberdeen St & Jackson Blvd,13641,41.877811909,-87.654765844
Damen Ave & Pierce Ave,22407,41.909473538,-87.677703261
Sheridan Rd & Montrose Ave,15678,41.96167,-87.65464
Clark St & Jarvis Ave,1176,42.015963,-87.675005
Kedzie Ave & 52nd St,237,41.8,-87.7
Lincoln Ave & Waveland Ave,4945,41.948797,-87.675278
Public Rack - California Ave & Touhy Ave - NW,100,42.01,-87.7
Ashland Ave & 66th St,64,41.774074,-87.663815
Walden Pkwy & 100th St,338,41.712278166666664,-87.66771516666667
Kenton Ave & Madison St,174,41.880739212,-87.741037488
Public Rack - Christiana Ave & 55th St,3,41.79,-87.71
Rockwell St & 63rd St,51,41.78,-87.69
Cicero Ave & Quincy St,149,41.877617478,-87.745368481
Lockwood Ave & Wrightwood Ave,756,41.93,-87.76
Damen Ave & Sunnyside Ave,4221,41.96325,-87.679258
Dodge Ave & Church St,1122,42.048322916,-87.698457718
Lincoln Park Conservatory,12794,41.92393131136619,-87.63582453131676
Public Rack - Kedzie Ave & 54th St - SW,13,41.8,-87.7
Public Rack - Rutherford Ave & Belmont Ave,7,41.94,-87.79
Public Rack - Avers Ave & Irving Park Rd,192,41.95,-87.72
Public Rack - Kedzie Ave & 58th St,34,41.79,-87.7
Laramie Ave & Gladys Ave,87,41.875801333333335,-87.75533783333333
Greenwood Ave & 91st St,119,41.728681333333334,-87.59724266666667
Wood St & Hubbard St,4656,41.889899,-87.671473
MLK Jr Dr & 56th St,489,41.79342945658,-87.6158532619
Kimbark Ave & 53rd St,17908,41.799508833333334,-87.59465616666667
Maplewood Ave & Peterson Ave,751,41.99023602867,-87.6933696402
Public Rack - Milwaukee Ave & Diversey Ave,724,41.93,-87.71
MLK Jr Dr & Pershing Rd,1417,41.8246,-87.61678
Cicero Ave & Lake St,262,41.88689065,-87.745414495
Talman Ave & Addison St,3874,41.9466358306,-87.694614758
Ellis Ave & 53rd St,6051,41.79933626261,-87.6009581145
Halsted St & Archer Ave,2915,41.847203,-87.646795
Leavitt St & Division St,5222,41.903010607,-87.683786511
Ashland Ave & 78th St,119,41.752284884,-87.663940549
Michigan Ave & Lake St,22923,41.886438727,-87.624221087
Broadway & Cornelia Ave,22165,41.945529,-87.646439
Halsted St & North Branch St,2188,41.89939028549696,-87.64854490756989
Public Rack - Hamlin Ave & Montrose Ave,332,41.96,-87.72
Whipple St & Roosevelt Rd,62,41.87,-87.7
LaSalle Dr & Huron St,12532,41.89444983,-87.632302642
Kildare Ave & Chicago Ave,64,41.9,-87.73
Laramie Ave & Madison St,249,41.880207,-87.755337
N Shore Channel Trail & Argyle St,1041,41.97,-87.7
Central Park Ave & Bloomingdale Ave,3467,41.914166,-87.716755
Dayton St & North Ave,12120,41.91070883333333,-87.64936266666666
Wells St & Institute Pl,2180,41.897598624,-87.634411812
Green St & Randolph St*,9531,41.883601657275165,-87.64862671494483
St. Clair St & Erie St,24800,41.894321,-87.62283316666667
Wacker Dr & Washington St,10362,41.88314336439022,-87.63724207878113
Greenview Ave & Jarvis Ave,3632,42.0159657,-87.66856885
Public Rack - Milwaukee Ave & School St,206,41.94,-87.73
Kilbourn Ave & Irving Park Rd,655,41.953738093,-87.740528107
Southport Ave & Waveland Ave,20044,41.94815,-87.66394
Ashland Ave & 13th St,3886,41.865234,-87.666507
Eberhart Ave & 91st St,99,41.729285157254864,-87.6110315322876
Albany Ave & 26th St,377,41.844475,-87.702013
Narragansett & Wrightwood,1121,41.93,-87.79
Whipple/Irving Park,725,41.95,-87.7
Pulaski Rd & Eddy St (Temp),694,41.946264,-87.731023
California Ave & North Ave,5116,41.9104754,-87.6968944
Cottage Grove Ave & 71st St,236,41.76571903697,-87.604959713
Prairie Ave & 43rd St,1115,41.816125512,-87.619620681
Eberhart Ave & 61st St,467,41.784071072761,-87.61448353528975
Bernard St & Elston Ave,2330,41.949923,-87.713949
N Sheffield Ave & W Wellington Ave,2065,41.94,-87.65
DuSable Lake Shore Dr & North Blvd,39441,41.911722,-87.626804
Public Rack - Brighton Park Branch Chicago Library,7,41.82,-87.7
Troy St & North Ave,3693,41.90976930169,-87.7052804871
Kostner Ave & Wrightwood Ave,481,41.93,-87.74
Public Rack - Hyde Park Blvd & 53rd St,58,41.8,-87.58
Central Ave & Parker Ave,470,41.93,-87.77
Elizabeth St & 59th St,202,41.789908767,-87.654687524
Clark St & Montrose Ave,7525,41.961555958,-87.666232347
State St & Chicago Ave,24239,41.89661720040753,-87.62857854366302
Halsted St & Willow St,12094,41.913865,-87.648755
Loomis St & Jackson Blvd,6528,41.877945,-87.662007
Rhodes Ave & 32nd St,6235,41.836208,-87.613533
Central Park Ave & North Ave,1478,41.909728408,-87.716686487
Central St Metra,1281,42.063598,-87.69873
Damen Ave & 74th St,56,41.759254217,-87.673656344
Kostner Ave & Adams St,400,41.877922058,-87.736082196
State St & Kinzie St,16192,41.88937546663168,-87.62707650661469
State St & Harrison St,7783,41.874053,-87.627716
Racine Ave & Washington Blvd,5943,41.883073,-87.656952
Dearborn St & Erie St,25758,41.894177198,-87.629244924
Public Rack - Cottage Grove Ave & 87th St,12,41.74,-87.61
University Library (NU),3305,42.052939,-87.673447
Oakley Ave & Irving Park Rd,2626,41.95422633333333,-87.6860125
California Ave & Altgeld St,4189,41.926625609,-87.697770596
Kilbourn & Belden,287,41.92,-87.74
Wallace St & 35th St,1986,41.830707051440854,-87.64125533401966
Public Rack - California Ave & Cortez St,353,41.9,-87.7
Richmond St & 59th St,93,41.79,-87.7
Racine Ave & 35th St,1376,41.83068856472101,-87.65621066093445
MLK Jr Dr & 47th St,653,41.809851,-87.616279
Public Rack - Lafayette Ave & 95th St,63,41.72,-87.62
Green St & Washington Blvd,6594,41.88318130597391,-87.64872461557388
DuSable Lake Shore Dr & Belmont Ave,21035,41.940775,-87.639192
Wabash Ave & Roosevelt Rd,21884,41.867227,-87.625961
Stony Island Ave & 75th St,371,41.75867133333333,-87.58690716666666
Narragansett Ave & School St,321,41.94,-87.79
Wilton Ave & Diversey Pkwy,17949,41.932523608,-87.652739048
Cannon Dr & Fullerton Ave,6412,41.9267559875,-87.6344287848
Homan Ave & 65th St,162,41.78,-87.71
Damen Ave & 51st St,159,41.800920367,-87.674605966
Lawler Ave & 50th St,343,41.8,-87.75
Ashland Ave & Garfield Blvd,180,41.792886853,-87.664444685
Cicero Ave & Flournoy St,107,41.872151613,-87.746632934
Lincoln Ave & Balmoral Ave,715,41.98,-87.69
Kenneth Ave & 50th St,109,41.8,-87.73
Public Rack - Hoyne Ave & 110th Pl,118,41.69,-87.67
Halsted St & 47th Pl,407,41.80813391481,-87.6456165545
Public Rack - Peoria St & 60th St,1,41.79,-87.65
Harlem Ave & Grace St,95,41.95,-87.81
Washtenaw Ave & Lawrence Ave,3181,41.968987,-87.696027
Homan Ave & Fillmore St,104,41.87,-87.71
Dearborn St & Adams St,9454,41.8793563587,-87.6297910363
Wells St & Evergreen Ave,20382,41.906724,-87.63483
Wells St & Huron St,26343,41.894722,-87.634362
Public Rack - Spaulding Ave & Foster Ave,63,41.98,-87.71
Damen Ave & Walnut (Lake) St,3291,41.885951,-87.677009
Hoyne Ave & Balmoral Ave,2755,41.97988183333333,-87.68194933333334
Noble St & Milwaukee Ave,8072,41.900701761,-87.662498832
Stony Island Ave & 71st St,444,41.7664929373,-87.5864608775
Public Rack - Cicero Ave & Altgeld St,60,41.93,-87.75
Washtenaw Ave & Ogden Ave,857,41.86193049278259,-87.69345045089722
Public Rack - Princeton Ave & 43rd St,1,41.82,-87.63
Public Rack - King Dr & Oakwood Blvd,25,41.82,-87.62
Baltimore Ave & 87th St,193,41.737335600416664,-87.54851460456847
South Shore Dr & 71st St,1523,41.7664094567,-87.5656875719
Bloomingdale Ave & Harlem Ave,125,41.91,-87.81
Doty Ave & 111th St,164,41.695058,-87.59870633333334
Public Rack - Christiana Ave & Lawrence Ave,99,41.97,-87.71
Public Rack - Western Ave & 104th St - West,12,41.7,-87.68
Indiana Ave & 40th St,374,41.821615,-87.6213925
Summit Ave & 86th St,173,41.737841249,-87.644933343
Vernon Ave & 107th St,121,41.70012137923888,-87.61225998401642
Central Park Ave & Douglas Blvd,98,41.86,-87.72
S Michigan Ave & E 118th St,17,41.68,-87.62
Public Rack - Piotrowski Park,3,41.84,-87.73
Morgan St & Pershing Rd,148,41.823613,-87.650931
Public Rack - Jensen Park,121,41.96,-87.72
Public Rack - Cottage Grove & 85th St,4,41.74,-87.6
Public Rack - N Narragansett Ave & Grand Ave,24,41.92,-87.78
Elizabeth St & Randolph St,1548,41.88,-87.66
Morgan St & Polk St,18368,41.871737,-87.65103
Franklin St & Lake St,15819,41.885837,-87.6355
Logan Blvd & Elston Ave,6535,41.929465,-87.684158
Western Ave & Lunt Ave,1607,42.008657694,-87.690435648
Federal St & Polk St,18005,41.87207763285,-87.6295437729
Public Rack - Kostner Ave & Armitage Ave,548,41.92,-87.74
Clark St & Elm St,35948,41.902973,-87.63128
Sheridan Rd & Loyola Ave,4978,42.00104377979,-87.6611982433
Clarendon Ave & Leland Ave,7700,41.967968,-87.650001
Western Ave & Leland Ave,8638,41.966426015,-87.688680768
Halsted St & 59th St,65,41.787584186,-87.644901514
Keystone Ave & Fullerton Ave,1393,41.92459,-87.72785
Milwaukee Ave & Cuyler Ave,851,41.954468,-87.749594
Ogden Ave & Congress Pkwy,3688,41.875010833333334,-87.67322266666666
Racine Ave & Wrightwood Ave,8306,41.928887,-87.658971
Wells St & Polk St,10773,41.872731542263075,-87.63351649045944
Emerald Ave & 31st St,6865,41.838198,-87.645143
Marine Dr & Ainslie St,7671,41.971619248,-87.650226116
Karlov Ave & Madison St,161,41.88085,-87.727907
Damen Ave & Grand Ave,6122,41.892507195,-87.676944017
State St & 54th St,219,41.796642,-87.625923
Aberdeen St & Randolph St,11556,41.884128,-87.65432333333334
Kedzie Ave & Milwaukee Ave,15227,41.929598212,-87.707946181
May St & Cullerton St,2675,41.855157614,-87.654170156
Dearborn Pkwy & Delaware Pl,22136,41.898969,-87.629912
Lincoln Ave & Addison St,4087,41.946176,-87.673308
Long & Irving Park,989,41.95,-87.76
Franklin St & Jackson Blvd,17346,41.8772735,-87.63465983333333
Bissell St & Armitage Ave*,13115,41.9182955629354,-87.65218332409859
Sheffield Ave & Willow St,11274,41.913688,-87.652855
Southport Ave & Wrightwood Ave,12461,41.928773,-87.663913
Kingsbury St & Kinzie St,34508,41.88917683258,-87.6385057718
Stave St & Armitage Ave,4897,41.917741,-87.691392
State St & Van Buren St,10304,41.877181,-87.627844
Rush St & Superior St,15774,41.89576474564,-87.6259080327
Orleans St & Hubbard St,9105,41.889767289,-87.636452794
Eckhart Park,9169,41.89637337,-87.66098386
Clinton St & 18th St,3239,41.85795,-87.640826
Wood St & 35th St,1096,41.830160379,-87.670347333
Oakley Ave & Touhy Ave,691,42.012342,-87.688243
Indiana Ave & Roosevelt Rd,27760,41.868046522,-87.623095155
Broadway & Waveland Ave,23270,41.94909656,-87.648554325
Burnham Harbor,10401,41.85741178707404,-87.61379152536392
Michigan Ave & Ida B Wells Dr,7922,41.876243,-87.624426
Damen Ave & Foster Ave,5068,41.975623166666665,-87.67946283333333
W Armitage Ave & N Sheffield Ave,3174,41.92,-87.65
Martin Luther King Dr & 111th St,158,41.69,-87.61
Lawndale Ave & 16th St,66,41.86,-87.72
Christiana Ave & Lawrence Ave,2284,41.968378305,-87.711886644
State St & 19th St,2775,41.856594,-87.627542
Conservatory Dr & Lake St,860,41.885502,-87.716866
Monticello Ave & Chicago Ave,156,41.9,-87.72
Cottage Grove Ave & 43rd St,1420,41.81647563,-87.606625915
Dearborn St & Van Buren St,6498,41.876268,-87.629155
Public Rack - Maplewood Ave & 47th St,9,41.81,-87.69
Keystone Ave & Montrose Ave,1202,41.96111393,-87.729005575
Dorchester Ave & 49th St,1237,41.805811763,-87.592423916
Ravenswood Ave & Irving Park Rd,6088,41.95469,-87.67393
Orleans St & Elm St,6002,41.902924,-87.637715
Broadway & Barry Ave,30889,41.93758231600629,-87.6440978050232
Michigan Ave & Oak St,39659,41.90096039,-87.62377664
Sheridan Rd & Irving Park Rd,19703,41.954245,-87.654406
North Ave & New England Ave,66,41.91,-87.8
Wabash Ave & 87th St,440,41.73660666666667,-87.6226545
Jeffery Blvd & 71st St,552,41.766682148,-87.576426983
Public Rack - Austin Ave & Wellington Ave,14,41.94,-87.78
Lamon Ave & Belmont Ave,609,41.94,-87.75
Bosworth Ave & Howard St,1031,42.019540191,-87.669650555
Public Rack - Laflin St &51st ST,3,41.8,-87.66
Kildare Ave & Montrose Ave,1016,41.961060882,-87.735700369
Cottage Grove Ave & 83rd St,402,41.743441,-87.604836
Museum of Science and Industry,4606,41.79172820953,-87.583945009
Public Rack - Pulaski Rd & Armitage Ave,407,41.92,-87.73
Austin Blvd & Chicago Ave,258,41.894887,-87.774704
Sacramento Blvd & Polk St,97,41.87,-87.7
Throop St & Taylor St,8221,41.868968,-87.659141
Peoria St & Jackson Blvd,18319,41.8776415962753,-87.64961779117584
Wolcott Ave & Polk St,11845,41.871262,-87.673688
Roscoe & Harlem,86,41.94,-87.81
Paulina St & Flournoy St,9356,41.873109102,-87.668998241
Clinton St & Lake St,18819,41.885535598,-87.642123222
Ashland Ave & Division St,23646,41.90345,-87.667747
Ogden Ave & Roosevelt Rd,2326,41.866533518,-87.684629202
Public Rack - Longwood Dr & 111th St,13,41.69,-87.67
63rd St Beach,680,41.78091096424803,-87.57632374763489
Lakefront Trail & Bryn Mawr Ave,13303,41.9840555,-87.6522905
Dearborn St & Monroe St,18390,41.881319815,-87.6295209193
Larrabee St & Armitage Ave,9057,41.9181,-87.6437905
Morgan St & 18th St,5849,41.85804983333333,-87.65097216666666
Green St & Madison St,22676,41.881860614,-87.649262786
Sheridan Rd & Argyle St,5482,41.973428,-87.6546665
Avondale Ave & Irving Park Rd,2477,41.953393,-87.732002
Lakeview Ave & Fullerton Pkwy,22252,41.925858,-87.638973
Daley Center Plaza,16548,41.884241,-87.629634
Broadway & Belmont Ave,17278,41.940106,-87.645451
Cottage Grove Ave & 78th St,178,41.753174,-87.605026
Clifton Ave & Armitage Ave,10438,41.918198586,-87.656994939
Ashland Ave & Chicago Ave,6273,41.89595435734305,-87.6677280664444
Sangamon St & Lake St,12649,41.885838628,-87.651074529
Sedgwick St & North Ave,15563,41.911386,-87.638677
Clark St & Newport St,24436,41.94454,-87.654678
Damen Ave & Melrose Ave,4157,41.9406,-87.6785
Ellis Ave & 55th St,20709,41.794328666666665,-87.60154183333333
2112 W Peterson Ave,979,41.991178,-87.683593
Clark St & Wrightwood Ave,26775,41.929546,-87.643118
Clark St & Winnemac Ave,16628,41.973371148,-87.667869091
Jeffery Blvd & 76th St,184,41.75712006802,-87.5758393587
Hamlin Ave & 62nd Pl,214,41.78,-87.72
Michigan Ave & Washington St,23980,41.8839840647265,-87.6246839761734
Franklin St & Chicago Ave,17034,41.89680028,-87.635611296
Richmond St & Diversey Ave,3674,41.931953549,-87.701252341
Ogden Ave & Race Ave,9795,41.891795,-87.658751
Clinton St & Tilden St,4623,41.875885,-87.640795
Seeley Ave & Roscoe St,6835,41.943403,-87.679618
Larrabee St & Menomonee St,5935,41.91470778,-87.643357754
Kedzie Ave & Chicago Ave,957,41.895469546,-87.706122756
Claremont Ave & Hirsch St,3182,41.90777421,-87.685906768
California Ave & Fletcher St,3670,41.9384355,-87.69800583333334
Halsted St & 18th St,3969,41.85750568031716,-87.64599144458771
Malcolm X College,1018,41.877618,-87.673895
Shields Ave & 31st St,4917,41.838464,-87.635406
Columbus Dr & Randolph St,19018,41.884728,-87.619521
Clark St & Chicago Ave,12188,41.89675,-87.63089
State St & 33rd St,16484,41.834734,-87.625813
Hale Ave & 107th St,202,41.699206168127674,-87.66891896724701
Leavitt St & Armitage Ave,5967,41.917805,-87.682437
Dodge Ave & Mulford St,519,42.023463,-87.699595
Public Rack - Spaulding Ave & Evergreen Ave,348,41.91,-87.71
Sacramento Ave & Pershing Rd,193,41.82,-87.7
Public Rack - Lorel Ave & Grand Ave,120,41.92,-87.76
Hoyne Ave & 34th St,186,41.83,-87.68
Shabbona Park,145,41.94,-87.8
Public Rack - Wood St & 103rd St,26,41.71,-87.67
Francisco Ave & 47th St,202,41.81,-87.7
Public Rack - Melvina Ave & Belmont Ave,62,41.94,-87.78
Commercial Ave & 130th St,217,41.659125566,-87.550831795
Public Rack - Milwaukee Ave & Haussen Ct,293,41.94,-87.72
Public Rack - The Montessori School of Englewood,1,41.77,-87.67
Public Rack - Washtenaw Ave & Superior St,278,41.89,-87.7
Public Rack - Jeffrey Blvd & 71st St,11,41.77,-87.58
Public Rack - Saginaw Ave & 93rd St,12,41.73,-87.56
Halsted St & 51st St,347,41.801764846,-87.645219922
Public Rack - Hamlin Ave & Fullerton Ave,576,41.92,-87.72
Kedzie Ave & Roosevelt Rd,368,41.866583109,-87.70645535
Campbell Ave & 51st St,107,41.8,-87.69
Kildare Ave & 55th St,94,41.79,-87.73
Public Rack - Percy Julian HS,6,41.71,-87.65
Public Rack - 63rd & Western Ave S,6,41.78,-87.68
Public Rack - Sacramento Ave & Devon Ave,144,42.0,-87.7
Public Rack - Western Blvd & 49th St,215,41.8,-87.68
Public Rack - Christiana Ave & Bryn Mawr Ave,22,41.98,-87.71
Panama Ave & Grace St,56,41.95,-87.83
Lawndale Ave & 30th St,254,41.84,-87.72
Damen Ave & 59th St,283,41.786046267,-87.674201608
Western Ave & 21st St,1646,41.854064465,-87.685843706
Public Rack - State ST & 42nd St,90,41.82,-87.63
South Shore Dr & 67th St,1308,41.77373755,-87.567334652
Wolcott Ave & Fargo Ave,636,42.016924858,-87.677556634
Pulaski Rd & Congress Pkwy,180,41.874427319,-87.726121068
Central Ave & Lake St,275,41.887712359,-87.765420794
Parkside Ave & Armitage Ave,50,41.92,-87.77
Virginia Ave & Catalpa Ave,231,41.98,-87.7
Public Rack - Western Ave & 104th St - East,22,41.7,-87.68
Public Rack - Cicero Ave & Roscoe St,90,41.94,-87.75
Seeley Ave & Garfield Blvd,167,41.794085741,-87.675472021
MLK Jr Dr & 83rd St,152,41.743119359,-87.614792109
Olive Harvey College,116,41.70958209,-87.590227842
N Green St & W Lake St,8215,41.89,-87.65
Damen Ave & Pershing Rd,432,41.823198676,-87.676636577
Clark St & Columbia Ave,2727,42.004453778,-87.67245996
Torrence Ave & 106th St,140,41.702867746,-87.559821486
California Ave & 29th St,16,41.84,-87.69
Public Rack - Whipple St & 63rd St,9,41.78,-87.7
Ashland Ave & 74th St,105,41.759201288,-87.66346776500001
Narragansett & McLean,154,41.92,-87.79
St Louis Ave & Norman Bobbins Ave,214,41.79,-87.71
Francisco Ave & Bloomingdale Ave,1147,41.91,-87.7
Public Rack - Keystone Ave & North Ave,175,41.91,-87.73
Public Rack - Halsted St & 95th St - SE,53,41.72,-87.64
Chicago Ave & Washington St,3381,42.032554746,-87.679251552
Calumet Ave & 21st St,4365,41.854171,-87.61914516666667
W 103rd St & S Avers Ave,117,41.71,-87.72
Jeffery Blvd & 67th St,603,41.77351755125,-87.5771428255
Public Rack - Morgan St & 95th St,5,41.72,-87.65
Public Rack - Sawyer Ave & Bryn Mawr Ave - SE,10,41.98,-87.71
Public Rack - James Madison School,1,41.76,-87.59
Woodlawn Ave & 75th St,101,41.75916,-87.595751
Shields Ave & 43rd St,250,41.816235662,-87.634755135
Public Rack - Harvard Ave & 119th St,12,41.68,-87.63
Public Rack - St Louis Ave & Berteau Ave,40,41.96,-87.72
Lawndale Ave & 111th St,190,41.69131919221066,-87.71288573741913
Public Rack - Kenneth Ave & 63rd St E,15,41.78,-87.73
Public Rack - Halsted St & 95th St - SW,8,41.72,-87.64
Public Rack - Halsted St & 80th St,1,41.75,-87.64
Francisco Ave & Hollywood Ave,132,41.98,-87.7
Exchange Ave & 79th St,235,41.751731,-87.552812
Public Rack - Laramie Ave & Belmont Ave,105,41.94,-87.76
Public Rack - Western Ave & 47th Pl,36,41.81,-87.68
Public Rack - 10557 S Western Ave,7,41.7,-87.68
Public Rack - California Ave & Devon Ave - NE,46,42.0,-87.7
Torrence Ave & 126th Pl,84,41.666286945,-87.557228565
Public Rack - Tripp Ave & North Ave,46,41.91,-87.73
Oglesby Ave & 100th St,126,41.71339748442245,-87.56584167480469
Public Rack - Brainerd Park,63,41.73,-87.65
Public Rack - Rockwell & Division,134,41.9,-87.69
Public Rack - Lafayette Ave & 87th St - NW,4,41.74,-87.63
Public Rack - Lawndale & 63rd St,6,41.78,-87.71
Public Rack - Wood St & 47th St,24,41.81,-87.67
Public Rack - Homan Ave & 26th St,14,41.84,-87.71
Public Rack - Langley Ave & 49th St,8,41.81,-87.61
Rhodes Ave & 71st St,70,41.766020656,-87.611678839
W Washington Blvd & N Peoria St,871,41.88,-87.65
Damen Ave & Wabansia Ave,2849,41.91,-87.68
Ada St & 113th St,57,41.6875655,-87.6552935
Ping Tom Park (East),339,41.86,-87.63
Kostner Ave & Lake St,127,41.885939837,-87.735411167
Long Ave & North Ave,86,41.91,-87.76
Public Rack - Ashland Ave & 71st St,12,41.77,-87.66
Public Rack - Cicero Ave & North Ave,66,41.91,-87.75
Public Rack - Kimbark Ave & 67th St,49,41.77,-87.59
Cicero Ave & Grace St,216,41.95,-87.75
Public Rack - Loomis Blvd & 47th St,6,41.81,-87.66
Public Rack - Karlov Ave & Milwaukee Ave,67,41.94,-87.73
Public Rack - Campbell Ave & Pratt Blvd,65,42.01,-87.69
Public Rack - Karlov Ave & Kamerling Ave,128,41.91,-87.73
Ellis Ave & 83rd St,166,41.744107008,-87.599086761
Public Rack - Western Ave & 96th St,38,41.72,-87.68
Public Rack - Sawyer Ave & Lawrence Ave,74,41.97,-87.71
Major Taylor Trail & 124th St,96,41.668755531,-87.637135625
Public Rack - Eli Whitney Public School,77,41.84,-87.73
Elizabeth St & 47th St,126,41.808449626,-87.656522751
Public Rack - Spaulding Ave & Bryn Mawr Ave,60,41.98,-87.71
Public Rack - Legler Regional Library,14,41.88,-87.73
Houston Ave & 92nd St,158,41.728225231,-87.549532413
Public Rack - Avenue J & 102nd St,3,41.71,-87.53
Lavergne Ave & 46th St,46,41.81,-87.75
Albany Ave & Douglas Blvd,70,41.86,-87.7
Public Rack - Colfax Ave & 83rd St,11,41.74,-87.56
Public Rack - Marshfield Ave & 87th St,13,41.74,-87.66
Public Rack - Avenue J & 112th St,3,41.69,-87.53
State St & 123rd St,73,41.6706645,-87.62277333333333
Public Rack - Commercial Ave & 89th St,6,41.73,-87.55
Public Rack - Austin Branch Chicago Public Library,8,41.89,-87.77
Public Rack - Christiana Ave & 111th St,1,41.69,-87.71
Public Rack - Kedzie Ave & 64th St - SW,12,41.78,-87.7
Public Rack - Sawyer Ave & Chicago Ave,6,41.9,-87.71
Public Rack - Lake Park Ave & 47th St,4,41.81,-87.59
Public Rack - Cottage Grove Ave & 98th St,5,41.72,-87.6
Public Rack - Chase Ave & Touhy Ave - NW,12,42.01,-87.69
Public Rack - Forrestville Ave & 47th St,12,41.81,-87.61
Public Rack - Wallace St & 112 St,1,41.69,-87.64
Marshfield Ave & 59th St,70,41.78680563,-87.666212082
Public Rack - Neva Ave & Grand Ave,19,41.92,-87.8
Public Rack - Cicero Ave & Cortland St - midblock,53,41.92,-87.75
Public Rack - Komensky Ave & 63rd St,13,41.78,-87.72
Public Rack - Halsted St & 102nd St,4,41.71,-87.64
Public Rack - Pullman - Walmart,19,41.7,-87.6
Major Ave & Bloomingdale Ave,96,41.91,-87.77
Public Rack - Keystone Ave & Irving Park Rd,157,41.95,-87.73
Public Rack - Talman Ave & 51st St,3,41.8,-87.69
Public Rack - Vincennes Ave & 95th St,10,41.72,-87.65
Public Rack - Leclaire Ave & Division St,20,41.9,-87.75
Public Rack - Pulaski Rd & Fullerton Ave,118,41.92,-87.73
Public Rack - Western Ave & 107th St,5,41.7,-87.68
Public Rack - Wentworth Ave & 79th St,8,41.75,-87.63
Public Rack - Linder Ave & Belmont Ave,42,41.94,-87.76
Halsted St & 104th St,139,41.705122232,-87.642503977
Sacramento Ave & 25th St,89,41.85,-87.7
Public Rack - Kimbark Ave & 63rd St,7,41.78,-87.59
Public Rack - Avondale Ave & Addison St,80,41.95,-87.72
Public Rack - Perry Ave & 108th Pl,7,41.7,-87.63
Menard Ave & North Ave,55,41.91,-87.77
Public Rack - Ewing Ave & 99th St,4,41.72,-87.54
Komensky Ave & 31st St,292,41.84,-87.73
Public Rack - Menard Ave & Agusta Blvd,7,41.9,-87.77
Public Rack - Ewing Ave & 96th St N,2,41.72,-87.54
Public Rack - Western Ave & 105th St,10,41.7,-87.68
Racine Ave & 65th St,66,41.775393,-87.654308
Public Rack - Milwaukee Ave & Addison St,132,41.95,-87.74
Public Rack - Robert Fulton Elementary School,6,41.8,-87.67
Public Rack - Damen Ave & 47th St,5,41.81,-87.68
Public Rack - Menard Ave & Madison St,2,41.88,-87.77
Commercial Ave & 100th St,62,41.71331739547703,-87.55109757184982
Public Rack - Kostner Ave & North Ave,46,41.91,-87.74
Lavergne Ave & Division St,57,41.9,-87.75
Public Rack - Michigan Ave & 113th St,5,41.69,-87.62
Public Rack - Kostner Ave & Wrightwood Ave,13,41.93,-87.74
Kimbark Ave & 67th St,66,41.77,-87.59
Marquette Ave & 79th St,31,41.75,-87.56
Base - 2132 W Hubbard,1345,41.927280545,-87.785240531
Prairie Ave & 47th St - midblock,31,41.81,-87.62
Monticello Ave & Belmont Ave,29,41.94,-87.72
Western Blvd & 49th St,132,41.8,-87.68
Avers Ave & Archer Ave,27,41.8,-87.72
Washtenaw Ave & Superior St,169,41.89,-87.7
Lincoln Ave & Roscoe St,1463,41.943785164970734,-87.67125114798546
Kenton Ave & Palmer St,45,41.92,-87.74
Eastlake Ter & Rogers Ave,1294,42.0208872805206,-87.66505792737007
Sacramento Ave & Greenleaf Ave,1,42.01,-87.7
Kedzie Ave & 54th St - SW,49,41.8,-87.7
Base - 2132 W Hubbard Warehouse,128,41.92731607,-87.785177946
Newcastle Ave & Belden Ave,49,41.92,-87.8
Public Rack - California Ave & Ogden Ave,57,41.86,-87.7
Harding Ave & 47th St,10,41.81,-87.72
Midway Orange Line,137,41.79,-87.74
Western Ave & 111th St - SW,7,41.69,-87.68
California Ave & Devon Ave - NW,5,42.0,-87.7
Walden Pkwy & 99th St,18,41.71,-87.67
Public Rack - Kedvale Ave & Addison St,24,41.95,-87.73
Perry Ave & 108th Pl,6,41.7,-87.63
Kedzie Ave & 104th St,70,41.7,-87.7
Public Rack - Drake Ave & Leland Ave,52,41.97,-87.72
Central Ave & George St,7,41.93,-87.77
Damen Ave & 47th St,11,41.81,-87.68
Lake Park Ave & 44th St,1,41.81,-87.6
Springfield Ave & 63rd St,17,41.78,-87.72
Houston Ave & 91st St,7,41.73,-87.55
Sacramento Ave & Devon Ave,9,42.0,-87.7
Pullman - Walmart,33,41.7,-87.6
Phillips Ave & 83rd St,120,41.744531,-87.56506
Public Rack - Narragansett Ave & Fullerton Ave,35,41.92,-87.79
532 E 43rd St,31,41.82,-87.61
Sawyer Ave & Lawrence Ave,8,41.97,-87.71
Buckingham Fountain (Temp),2437,41.86962074748123,-87.6239812374115
Nagle Ave & Belmont Ave,53,41.94,-87.79
Rutherford Ave & Belmont Ave,8,41.94,-87.79
Laramie Ave & Fullerton Ave,18,41.92,-87.76
Public Rack - Sacramento Ave & Greenleaf Ave,54,42.01,-87.7
Altgeld Gardens,97,41.65666552967373,-87.59880065917969
Eggleston Ave & 92nd St,53,41.727575659299575,-87.63482809066771
Colfax Ave & 83rd St,4,41.74,-87.56
Kedvale Ave & Addison St,2,41.95,-87.73
Lafayette Ave & 87th St - SW,12,41.74,-87.63
Buffalo Ave & 89th St,5,41.73,-87.54
California Ave & Touhy Ave - NW,6,42.01,-87.7
Al Raby School,2,41.89,-87.71
Sangamon St & 79th St,4,41.75,-87.65
Neva Ave & Grand Ave,27,41.92,-87.81
Albany Ave & 63rd St,20,41.78,-87.7
Kedvale Ave & 63rd St,8,41.78,-87.73
Cottage Grove Ave & 98th St,12,41.72,-87.6
Commercial Ave & 89th St,11,41.73,-87.55
Pulaski Rd & Armitage Ave,17,41.92,-87.73
Kostner Ave & North Ave,6,41.91,-87.74
Emerald Ave & 45th St,4,41.81,-87.64
Lafayette Ave & 95th St,92,41.72,-87.62
Menard Ave & Belmont Ave,1,41.94,-87.77
Marshfield Ave & 45th St,7,41.81,-87.67
Lawndale Ave & Diversey Ave,24,41.93,-87.72
Racine Ave & 109th Pl,81,41.69,-87.65
Kimball Ave & Carmen Ave,11,41.97,-87.71
WestChi,6,41.9347465,-87.78435566666667
Emerald Ave & 43rd St,11,41.82,-87.64
Bissell St & Armitage Ave,2899,41.917988666666666,-87.65211083333334
63rd & Western Ave - north corner,11,41.78,-87.68
Elizabeth (May) St & Fulton St,3083,41.886553666666664,-87.65843466666666
Public Rack - Kedvale Ave & Avondale Ave,50,41.95,-87.73
Public Rack - Woodlawn Ave & 63rd St - NE,134,41.78,-87.6
Public Rack - Sawyer Ave & Bryn Mawr Ave - SW,11,41.98,-87.71
111th St - Morgan Park Metra,10,41.69,-87.67
Kedzie Ave & Archer Ave,20,41.81,-87.7
Christiana Ave & Archer Ave,70,41.81,-87.71
Spaulding Ave & North Ave,15,41.91,-87.71
Avondale Ave & Addison St,4,41.95,-87.72
Milwaukee Ave & Addison St,19,41.95,-87.74
Broadway & Wilson - Truman College Vaccination Site,6572,41.965221,-87.658139
Kolin Ave & Archer Ave,17,41.8,-87.73
Latrobe Ave & Lake St,3,41.89,-87.76
Parnell Ave & 119th St,3,41.68,-87.63
Menard Ave & Madison St,6,41.88,-87.77
Cicero Ave & Altgeld St,5,41.93,-87.75
Oleander Ave & Addison St,5,41.95,-87.82
Cicero Ave & Wrightwood Ave,36,41.93,-87.75
Avenue L & 114th St,13,41.69,-87.54
Wentworth Ave & 104th St,35,41.705307996998194,-87.62921690940857
Maryland Ave & 87th ST,4,41.74,-87.6
Wood St & 103rd St,20,41.71,-87.67
Milwaukee Ave & School St,9,41.94,-87.73
Kilbourn Ave & Fullerton Ave,7,41.92,-87.74
Keeler Ave & 55th St,3,41.79,-87.73
Narragansett Ave & Fullerton Ave,5,41.92,-87.78
Homewood Ave & Monterey Ave,43,41.69,-87.67
Cicero Ave & North Ave,8,41.91,-87.75
Hyde Park Blvd & 53rd St,101,41.8,-87.58
Jonathan Y Scammon Public School,14,41.94,-87.73
Keystone Ave & Irving Park Rd,14,41.95,-87.73
Public Rack - Central Ave & North Ave,23,41.91,-87.77
Calumet Ave & 103rd St,3,41.71,-87.62
Pulaski & 52nd,26,41.8,-87.72
Cicero Ave & Cortland St - midblock,4,41.92,-87.75
Public Rack - Kimball Ave & Carmen Ave,62,41.97,-87.71
Public Rack - Woodlawn Ave & 63rd St - SE,38,41.78,-87.6
Albany Ave & 111th St - NW,4,41.69,-87.7
Public Rack - McVicker Ave & Grand Ave,10,41.92,-87.78
Hamlin Ave & Fullerton Ave,25,41.92,-87.72
Mozart Elementary School,37,41.92,-87.72
Troy & 111th St,1,41.69,-87.7
Hyde Park Blvd & 55th St,183,41.79,-87.59
St Louis Ave & Berteau Ave,5,41.96,-87.72
N Narragansett Ave & Grand Ave,35,41.92,-87.78
California Ave & Devon Ave - NE,12,42.0,-87.7
Ashland Ave & 45th St - midblock south,6,41.81,-87.66
Public Rack - Eberhart Ave & 61st St,22,41.78,-87.61
Austin Ave & Roscoe St,5,41.94,-87.78
Greenwood Ave & Lake Park Ave,23,41.82,-87.6
Christiana Ave & Bryn Mawr Ave,1,41.98,-87.71
Menard Ave & Dakin St - midblock,10,41.95,-87.77
Washtenaw Ave & Madison St,159,41.88,-87.69
Kostner Ave & Armitage Ave,263,41.92,-87.74
Cottage Grove Ave & 91st St,3,41.73,-87.6
Western Ave & 100th St,22,41.71,-87.68
Spaulding Ave & Foster Ave,4,41.98,-87.71
Public Rack - Menard Ave & Belmont Ave,12,41.94,-87.77
Eli Whitney Public School,4,41.84,-87.73
Wood St & 47th St,51,41.81,-87.67
Walden Pkwy & 103rd St,56,41.71,-87.67
Kedzie Ave & 54th St - SE,41,41.79,-87.7
Milwaukee Ave & Diversey Ave,56,41.93,-87.71
Sawyer Ave & 111th St,6,41.69,-87.7
Public Rack - Chopin Park,66,41.94,-87.76
Western Ave & 92nd Pl,39,41.73,-87.68
Bell Ave & 95th St,16,41.72,-87.68
Piotrowski Park,3,41.84,-87.73
Public Rack - Mozart Elementary School,198,41.92,-87.72
Ewing Ave & 101st St,3,41.71,-87.54
Halsted St & 95th St - SW,5,41.72,-87.64
Kedzie Ave & Argyle St,7,41.97,-87.71
Harold Washington Park,77,41.8,-87.58
Halsted & 63rd - Kennedy-King Vaccination Site,268,41.77938114228,-87.6446208145
Harvard Ave & 103rd St,7,41.71,-87.63
California Ave & Ogden Ave,2,41.86,-87.7
Christiana Ave & 55th St,19,41.79,-87.71
Milwaukee Ave & Haussen Ct,18,41.94,-87.72
Spaulding Ave & Bryn Mawr Ave,1,41.98,-87.71
Cottage Grove & 86th St,18,41.74,-87.6
Brandon Ave & 91st St,44,41.73,-87.55
Longwood Dr & 111th St,9,41.69,-87.67
Pulaski Rd & 40th St,6,41.82,-87.73
Bishop St & 46th St,8,41.81,-87.66
Public Rack - Menard Ave & Grand Ave,37,41.92,-87.77
Public Rack - Prairie Ave & Garfield Blvd,13,41.79,-87.62
Cottage Grove Ave & 87th St,11,41.74,-87.61
Canty Elementary School,3,41.95,-87.83
Hamilton Ave & 95th St,10,41.72,-87.68
Western Ave & 106th St - East,15,41.7,-87.68
Albany Ave & 103rd St,3,41.71,-87.7
Public Rack - Laramie Ave & Warwick Ave,43,41.95,-87.76
Laramie Ave & Warwick Ave,3,41.95,-87.76
May St & 63rd St,1,41.78,-87.65
Hiawatha Park,14,41.94,-87.83
Pullman - Planet Fitness,3,41.7,-87.6
Washtenaw Ave & 63rd St,12,41.78,-87.69
NewHastings,103,41.90958643,-87.632999301
Stony Island & 95th St,1,41.72,-87.59
Grand Ave & North Ave,3,41.91,-87.74
Harvard Ave & 119th St,2,41.68,-87.63
Martin Luther King Dr & 69th St,3,41.77,-87.62
Pulaski Rd & 41st,8,41.82,-87.72
Justine St & 87th St,9,41.74,-87.66
Newland Ave & Diversey Ave,5,41.93,-87.8
Pittsburgh Ave & Irving Park,6,41.95,-87.83
Augusta Blvd & Laramie Ave,74,41.9,-87.76
N Sayre Ave & W Belden Ave,4,41.92,-87.8
Throop St & 58th St,4,41.79,-87.66
Racine Ave & 76th,15,41.76,-87.65
Central Ave & North Ave,2,41.91,-87.76
Kedzie Ave & 64th St - SW,11,41.78,-87.7
Western Ave & 104th St - East,13,41.7,-87.68
Cicero Ave & Roscoe St,3,41.94,-87.75
Ozark Ave & Addison St,6,41.95,-87.82
Winchester Ave & 87th St,8,41.74,-87.67
Wallace St & 112 St,4,41.69,-87.64
Bradley Park,64,41.717878301935,-87.56459176540375
Halsted St & 102nd St,1,41.71,-87.64
Cottage Grove & 84th St,1,41.74,-87.6
Harvey Ave & North Ave,3,41.91,-87.78
Nordica Ave & Addison St,3,41.95,-87.8
Public Rack - Harvey Ave & North Ave,12,41.91,-87.78
Avenue J & 106th St,6,41.7,-87.53
Karlov Ave & Milwaukee Ave,2,41.94,-87.73
McCormick Blvd & Devon Ave,1,42.0,-87.71
Mason Ave & Roosevelt Rd,8,41.87,-87.77
Jeffrey Blvd & 71st St,23,41.77,-87.58
Kedvale Ave & Avondale Ave,9,41.95,-87.73
Western Ave & 118th St,16,41.68,-87.68
Melvina Ave & Belmont Ave,1,41.94,-87.78
Cornell Dr & Hayes Dr,26,41.780592,-87.58524683333333
Green St & Randolph St,2010,41.88317716666667,-87.64880633333334
Oglesby Ave & 95th St,2,41.72,-87.57
Morgan St & Lake St,4683,41.885779,-87.651025
Malcolm X College Vaccination Site,1161,41.877618,-87.673895
Hamlin Ave & Montrose Ave,19,41.96,-87.72
Kimbark Ave & 63rd St,2,41.78,-87.59
Austin Ave & Wellington Ave - midblock,2,41.94,-87.78
Morgan St & 95th St,17,41.72,-87.65
Spaulding Ave & Evergreen Ave,24,41.91,-87.71
Sacramento Blvd & Washington Blvd,6,41.88,-87.7
Keystone Ave & North Ave,17,41.91,-87.73
Carpenter St & 63rd St,43,41.77987,-87.650919
Rockwell & 111th St,17,41.69,-87.69
Chase Ave & Touhy Ave - NW,2,42.01,-87.69
Western & 28th - Velasquez Institute Vaccination Site,156,41.841518,-87.685131
Western Ave & Jarvis Ave,15,42.02,-87.69
Public Rack - Western Ave & Jarvis Ave,110,42.02,-87.69
Bensley Ave & 103rd St,1,41.71,-87.56
South Chicago Ave & 83rd St,85,41.743921,-87.575225
Kedzie & 103rd St - East,2,41.71,-87.7
Talman Ave & 51st St - midblock,39,41.8,-87.69
Karlov Ave & Kamerling Ave,10,41.91,-87.73
Hoyne Ave & 110th Pl,15,41.69,-87.67
Mt Greenwood Library - South,8,41.69,-87.7
Pulaski Rd & 51st Rd,53,41.8,-87.72
Kenneth Ave & 63rd St,5,41.78,-87.73
Damen Ave & 33rd St,58,41.83,-87.68
Langley Ave & 79th St,28,41.75,-87.61
Kedzie Ave & 64th St - SE,4,41.78,-87.7
Kedzie Ave & 61st Pl,70,41.78,-87.7
Rockwell Ave & Touhy Ave ,6,42.01,-87.7
Avers Ave & Irving Park Rd,9,41.95,-87.72
Robert Fulton Elementary School,57,41.8,-87.67
Green St & 103rd St,4,41.71,-87.64
Kildare Ave & Division St,32,41.9,-87.73
Lowell Ave & Elston Ave,21,41.97,-87.74
Christiana Ave & Belmont Ave,17,41.94,-87.71
Public Rack - Cicero Ave & Le Moyne St - midblock,11,41.91,-87.75
Lorel Ave & Chicago Ave,2,41.89,-87.76
Kedzie Ave & Pershing Rd,17,41.82,-87.7
Lincoln Ave & Belmont Ave,7,41.9394035,-87.66824916666667
Sawyer Ave & Bryn Mawr Ave - SE,3,41.98,-87.71
Mt Greenwood Library - North,3,41.69,-87.7
Harriet E Sayre Public School,11,41.91,-87.8
Cottage Grove & 85th St,6,41.74,-87.6
Linder Ave & Belmont Ave,4,41.94,-87.76
Cottage Grove Ave & 111th St,24,41.69,-87.61
Ewing Ave & 105th St,5,41.7,-87.54
Pulaski Rd & 44th St,112,41.81,-87.72
California Ave & Pershing Rd,7,41.82,-87.69
Pullman - Ross Dress for Less,9,41.7,-87.6
Laramie Ave & Belmont Ave,9,41.94,-87.76
Menard Ave & Agusta Blvd,9,41.9,-87.77
Laramie Ave & Grand Ave,6,41.92,-87.76
Cicero Ave & Wellington Ave,18,41.94,-87.75
Avers Ave & Ogden Ave,1,41.85,-87.72
Public Rack - Austin Blvd & North Ave,18,41.91,-87.78
Keeler Ave & Roosevelt Rd,41,41.87,-87.73
Western Ave & 111th St - NW,23,41.69,-87.68
Torrence Ave  & 106th St,5,41.7,-87.56
Archer Park,11,41.8,-87.74
Forrestville Ave & 47th St,7,41.81,-87.61
Laflin St & 51st St,5,41.8,-87.66
Western Ave & 105th St,13,41.7,-87.68
Martin Luther King Dr & 44th St,8,41.81,-87.62
Austin Ave & Wrightwood Ave,9,41.93,-87.78
Public Rack - Lake Shore Dr & Hayes Dr,64,41.78,-87.57
Ashland Ave & 46th St,5,41.81,-87.67
Brighton Park Branch Chicago Library,7,41.82,-87.7
Public Rack - Exchange Ave & 73rd Pl,14,41.76,-87.56
Ewing Ave & 96th St,6,41.72,-87.54
Ewing Ave & Indianapolis Ave,2,41.71,-87.54
Hamlin Ave & Chicago Ave,6,41.9,-87.72
Kedzie Ave & 63rd St,34,41.78,-87.7
Ashland Ave & 71st St,5,41.77,-87.66
63rd & Western Ave - south corner,8,41.78,-87.68
Mackinaw Ave & 108th St,6,41.7,-87.54
S Aberdeen St & W 106th St,37,41.7,-87.65
Public Rack - Langley Ave & Oakwood Blvd,6,41.82,-87.61
Ewing Ave & 106th St,7,41.7,-87.53
Michigan Ave & 119th St,2,41.68,-87.62
McVicker Ave & Grand Ave,3,41.92,-87.78
Buffalo Ave & 133rd St,2,41.65,-87.54
Normal Ave & 72nd St,2,41.76,-87.64
Baltimore Ave & 133rd St,6,41.65,-87.55
Public Rack - Hamlin Ave & Chicago Ave,14,41.9,-87.72
Strohacker Park,6,41.79,-87.73
Racine Ave & 74th St,13,41.76,-87.65
Claremont Ave & 71st St,26,41.76,-87.68
Mackinaw Ave & 106th St,5,41.7,-87.54
New England Ave & Grace St,2,41.95,-87.8
Ashland Ave & 76th St,9,41.76,-87.66
Western Ave & 79th St,60,41.75,-87.68
Longwood Dr & 95th St,3,41.72,-87.67
Public Rack - Whipple St & 26th St,7,41.84,-87.7
Yates Blvd & Exchange Ave,11,41.76,-87.57
Loomis St & 87th St,39,41.74,-87.66
Morgan St & 87th St,8,41.74,-87.65
Lafayette Ave & 87th St - NW,5,41.74,-87.63
California Ave & Touhy Ave - SW,1,42.01,-87.7
Public Rack - Austin Ave & Wellington Ave - midblock,5,41.93,-87.78
Baltimore Ave & 132nd St,3,41.66,-87.55
Kedzie Ave & 58th St,38,41.79,-87.7
Western Ave & 111th St - SE,12,41.69,-87.68
Austin Branch Chicago Public Library,5,41.89,-87.77
Keeler Ave & Madison St,7,41.88,-87.73
Damen Ave & 84th St,1,41.74,-87.67
Avenue J & 102nd St,1,41.71,-87.53
Chappel Ave & 71st St,6,41.77,-87.58
Menard Ave & Grand Ave,2,41.92,-87.77
Chopin Park,1,41.94,-87.76
State St & 47th st,4,41.81,-87.63
Public Rack - Penn Elementary School / KIPP Ascend Middle School,43,41.86,-87.72
Public Rack - Avers Ave & Ogden Ave,35,41.85,-87.72
Vincennes Ave & 99th St,2,41.71,-87.65
Homan Ave & 26th St,1,41.84,-87.71
Newcastle Ave & Belmont Ave,5,41.94,-87.8
Princeton Ave & 43rd St,2,41.82,-87.63
South Chicago Ave & Elliot Ave,29,41.747363,-87.580046
Cottage Grove Ave & 75th St,7,41.76,-87.61
Public Rack - Zapata Academy,7,41.84,-87.73
Zapata Academy,2,41.84,-87.73
Lowe Park,1,41.8,-87.64
Calumet Ave & Garfield Blvd,11,41.79,-87.62
Whippie St & 26th St,1,41.84,-87.7
Public Rack - Kostner Ave & 16th St,2,41.86,-87.73
Wolcott Ave & 61st St,1,41.78,-87.67
Sacramento Blvd & Division St,1,41.91,-87.7
Public Rack - Hamlin Ave & Grand Ave,114,41.9,-87.72
Greenwood Ave & 87th St,1,41.74,-87.6
Hamlin Ave & Grand Ave,60,41.9,-87.72
Pulaski Rd & Fullerton Ave,14,41.92,-87.73
Public Rack - Karlov Ave & 26th St,8,41.84,-87.73
Cicero Ave & Le Moyne St - midblock,1,41.91,-87.75
Ingleside Ave & 79th St,7,41.75,-87.6
Waller Ave & Chicago Ave,3,41.89,-87.77
Public Rack - Sacramento Blvd & Division St,9,41.91,-87.7
Komensky Ave & 59th St,24,41.79,-87.72
Marshfield Ave & 87th St,6,41.74,-87.66
Cottage Grove Ave & 89th Pl,3,41.73,-87.6
WEST CHI-WATSON,3,41.924738,-87.70064133333334
Public Rack - Michigan Ave & 119th St,3,41.68,-87.62
California Ave & Francis Pl,741,41.91849115368695,-87.69742280244827
Public Rack - Western Ave & 106th St - West,2,41.7,-87.68
Francisco Ave & Chicago Ave,89,41.9,-87.7
Lincoln Ave & Byron St,505,41.95,-87.68
Public Rack - Milwaukee Ave & Waveland Ave,6,41.95,-87.74
Public Rack - Halsted St & 109th St,3,41.7,-87.64
Public Rack - Western Ave & 118th St,13,41.68,-87.68
Public Rack - Jeffery Blvd & 67th St,3,41.77,-87.58
Public Rack - Woodlawn Ave & 63rd St S,10,41.78,-87.6
Public Rack - Newcastle Ave & Belden Ave,7,41.92,-87.8
Public Rack - Albany Ave & 63rd St,9,41.78,-87.7
Public Rack - Pulaski Rd & 15th St,7,41.86,-87.73
Public Rack - Ave N & 106th St,2,41.7,-87.54
Public Rack - Justine St & 87th St,6,41.74,-87.66
Public Rack - Pullman Community Center,6,41.7,-87.59
Public Rack - 2302 S Pulaski Rd,2,41.85,-87.72
Public Rack - Western Ave & 111th St - SW,12,41.69,-87.68
Public Rack - Brandon Ave & 91st St,29,41.73,-87.55
Public Rack - West Chatham Park,2,41.75,-87.63
Public Rack - Western Ave & 79th St,7,41.75,-87.68
Public Rack - Ellis Ave & Doty Ave,2,41.66,-87.6
Public Rack - Marshfield Ave & 45th St,7,41.81,-87.67
Public Rack - Kedzie Ave & 62nd Pl,36,41.78,-87.7
"Public Rack - Senka ""Edward Duke"" Park",2,41.79,-87.71
Public Rack - Western Ave & 111th St - NW,4,41.69,-87.68
Public Rack - Strohacker Park,2,41.79,-87.73
Public Rack - St Louis Ave & Flournoy St,3,41.87,-87.71
Public Rack - Hiawatha Park,3,41.94,-87.83
Public Rack - Pullman - Planet Fitness,9,41.7,-87.6
Public Rack - California Ave & Touhy Ave - SW,10,42.01,-87.7
Public Rack - Newcastle Ave & Belmont Ave,9,41.94,-87.8
Public Rack - Western Ave & 110th St,37,41.69,-87.68
Public Rack - Bishop St & 46th St,3,41.81,-87.66
Public Rack - 532 E 43rd St,11,41.82,-87.61
Public Rack - Kostner Ave & Lake St,9,41.89,-87.74
Public Rack - Lorel Ave & Chicago Ave,11,41.89,-87.76
Public Rack - Laporte Ave & Armitage Ave,13,41.92,-87.75
Halsted St & Fulton St,2660,41.89,-87.65
Public Rack - Cottage Grove & 86th St,6,41.74,-87.6
Public Rack - King Dr & 71st St,8,41.77,-87.62
Wentworth Ave & Cermak Rd*,573,41.853214418519656,-87.63187229633331
Public Rack - Division St & Christiana Ave,11,41.9,-87.71
Public Rack - Garfield Park Conservatory,6,41.89,-87.72
Public Rack - Prairie Ave & Garfield Blvd N,7,41.79,-87.62
Public Rack - Yale Ave & 119th St,2,41.68,-87.63
Public Rack - Aida Food Market,3,41.75,-87.64
Public Rack - Cornell Ave & 87th Pl,9,41.74,-87.58
Public Rack - Kedvale Ave & 63rd St W,4,41.78,-87.73
Public Rack - Homan Ave & Roosevelt,8,41.87,-87.71
Public Rack - Laflin St & 79th St,1,41.75,-87.66
Public Rack - Central Ave & Congress Pkwy,1,41.87,-87.76
Campbell Ave & Augusta Blvd,184,41.9,-87.69
410,7,41.9,-87.69
Public Rack - Pullman - Ross Dress for Less,2,41.7,-87.6
Pulaski Rd & Eddy St,100,41.94619016666667,-87.73105183333334
Public Rack - California Ave & Pershing Rd,9,41.82,-87.69
Wentworth Ave & 24th St,259,41.849978666666665,-87.632125
Public Rack - Oketo Ave & Belmont Ave,33,41.94,-87.81
Public Rack - Halsted St & 76th St,11,41.76,-87.64
Public Rack - Fullerton Ave & Lavergne Ave,32,41.92,-87.75
Public Rack - Halsted St & 41st St,2,41.82,-87.65
Public Rack - Greenwood Ave & Lake Park Ave,17,41.82,-87.6
Public Rack - Ellis Ave & 132nd Pl,1,41.66,-87.6
Public Rack - Prairie Ave & Garfield Blvd S,8,41.79,-87.62
Public Rack - Ashland Ave & 73rd St,3,41.76,-87.66
Public Rack - Houston Ave & 130th St,2,41.66,-87.55
Public Rack - Ewing Ave & 106th St NW,3,41.7,-87.54
Public Rack - Buffalo Ave & 89th St,3,41.73,-87.54
Kedzie Ave & 24th St (Temp),9,41.848191,-87.705414
Public Rack - Homan Ave & 62nd Pl,3,41.78,-87.71
Public Rack - Kolin Ave & Archer Ave,8,41.8,-87.73
Public Rack - Emerald Ave & 45th St,5,41.81,-87.64
Public Rack - Latrobe Ave & Lake St,12,41.89,-87.76
Cottage Grove Ave & 92nd St,2,41.73,-87.6
Divvy Valet - Oakwood Beach,12,41.82447616666666,-87.59811783333333
Public Rack - Pulaski Rd & Roosevelt Rd,18,41.87,-87.72
Public Rack - Pulaski Rd & Lake St,35,41.89,-87.73
Vincennes Ave & 95th Pl,1,41.72,-87.65
Ewing Ave & 112th St,4,41.69,-87.53
Avenue J & 112th St,3,41.69,-87.53
Public Rack - Jeffery Blvd & 81st St,3,41.75,-87.57
Mackinaw Ave & 85th St,1,41.74,-87.54
Public Rack - Lawndale Ave & Polk St,14,41.87,-87.72
Torrence Ave & 103rd St,1,41.71,-87.56
Public Rack - Central Park Ave & Ogden Ave,19,41.85,-87.72
Public Rack - Perry Ave & 111th St,2,41.69,-87.63
Public Rack - Halsted St & 113th St,4,41.69,-87.64
Public Rack - Normal Ave & 111th St,21,41.69,-87.64
Public Rack - Kingston Ave & 75th St,3,41.76,-87.56
Public Rack - Pulaski Rd & Flournoy St,4,41.87,-87.72
Lowe Ave & 98th St,3,41.72,-87.64
Public Rack - Lamon Ave & Erie St,3,41.89,-87.75
Michigan Ave & 113th St,1,41.69,-87.62
Plainfield Ave & Irving Park Rd,2,41.95,-87.83
Ada St & 117th St,2,41.68,-87.66
Ashland Ave & 73rd St,2,41.76,-87.66
Stony Is Ave & 73rd St,4,41.76,-87.59
Halsted St & 41st St,3,41.82,-87.65
Back of the Yards Park,2,41.8,-87.66
Public Rack - La Moyne Ave and Leamington Ave,9,41.91,-87.75
Halsted St & 76th St,16,41.76,-87.64
Public Rack - Central Park Ave & 16th St,10,41.86,-87.72
Central Ave & Corcoran Pl,8,41.89,-87.77
Trumbull Ave & 111th St,8,41.69,-87.71
Honore St & 87th St - SE,1,41.74,-87.67
Public Rack - Michele Clark Magnet High School,10,41.87,-87.75
Public Rack - Ewing Ave & 106th St,8,41.7,-87.54
Ada St & 119th St,3,41.68,-87.65
Public Rack - Pulaski Rd & 5th Ave,10,41.87,-87.73
Public Rack - Paxton Ave & 79th St,9,41.75,-87.57
Rhodes Ave & 79th St,3,41.75,-87.61
Harper Ave & 63rd St,7,41.78,-87.59
Public Rack - Western Ave & 98th St,9,41.72,-87.68
Abbott Park,14,41.72,-87.62
Hale Ave & 111th St,2,41.69,-87.67
Public Rack - Western Ave & 107th Pl,3,41.7,-87.68
Ashland Ave & 45th St,4,41.81,-87.67
Loomis Blvd & 83rd St,1,41.74,-87.66
Public Rack - Roswell B. Mason Elementary School,5,41.86,-87.73
Public Rack - Michigan Ave & 107th St,3,41.7,-87.62
Public Rack - Marquette Rd & 67th St,12,41.77,-87.61
Homan Ave & 111th St,9,41.69,-87.71
Eggleston Ave & 114th St,2,41.69,-87.63
Wentworth Ave & 103rd St,6,41.71,-87.63
Public Rack - Central Park Ave & Fillmore St,8,41.87,-87.72
Kildare Ave & 63rd St,7,41.78,-87.73
Public Rack - 53rd St & Indiana Ave,1,41.8,-87.62
Tuley (Murray) Park,1,41.73,-87.61
Public Rack - Stony Island & 87th St,11,41.74,-87.59
Halsted St & 95th St - SE,4,41.72,-87.64
Drexel Ave & 87th St,2,41.74,-87.6
Public Rack - Peterson Ave & Bernard Ave,7,41.99,-87.72
Public Rack - Kedzie Ave & Arthington St,1,41.87,-87.71
Christiana Ave & 111th St,2,41.69,-87.7
Public Rack - Vincennes Ave & 77th St,6,41.76,-87.56
Panama Ave & Forest Preserve Ave,1,41.94,-87.83
"Senka ""Edward Duke"" Park",2,41.79,-87.71
Western Ave & 106th St - West,3,41.7,-87.68
Stony Island Ave & 86th St,5,41.74,-87.59
Ada St & 79th St,6,41.75,-87.66
Halsted St & 94th St,6,41.72,-87.64
Halsted St & 80th St,9,41.75,-87.64
Yale Ave & 119th St,2,41.68,-87.63
West Lawn Park,3,41.77,-87.73
Wentworth Ave & 79th St,1,41.75,-87.63
Menard Ave & Adams Blvd,2,41.88,-87.77
Marquette Ave & 83rd St,1,41.74,-87.56
Oketo Ave & Belmont Ave,10,41.94,-87.81
Lafayette Ave & 119th St,3,41.68,-87.62
Central Ave & Congress Pkwy,4,41.87,-87.76
Public Rack - Clyde Ave & 87th St,2,41.74,-87.57
Public Rack - Union Ave & 111th St,3,41.69,-87.64
Public Rack - Spencer Elementary Technology Academy,3,41.89,-87.75
May St & 78th St,1,41.75,-87.65
Vincennes Ave & 87th St,2,41.74,-87.65
Morgan St & 103rd St,1,41.71,-87.65
Public Rack - Ewing Ave & 107th St,9,41.7,-87.54
Western Blvd & 53rd St,1,41.8,-87.68
Public Rack - Al Raby School,7,41.89,-87.72
Public Rack - Keeler Ave & 55th St,5,41.79,-87.73
Public Rack - Albany Ave & 111th St - NW,3,41.69,-87.7
Public Rack - Troy & 111th St,3,41.69,-87.7
Public Rack - East End Ave & 87th St,7,41.74,-87.58
Public Rack - Pulaski Rd & 41st,1,41.82,-87.72
Public Rack - Cottage Grove Ave & 75th St,1,41.76,-87.61
Public Rack - Kedzie Ave & 60th St,5,41.79,-87.7
Public Rack - Maplewood Ave & 63rd St,5,41.78,-87.69
Public Rack - Kedzie & 103rd St - W,4,41.71,-87.7
Public Rack - Throop St & 58th St,2,41.79,-87.66
Public Rack - Houston Ave & 91st St,1,41.73,-87.55
Public Rack - Pulaski Rd & 51st Rd,11,41.8,-87.72
Public Rack - Evans Ave & 63rd St,37,41.78,-87.61
Public Rack - Avenue M & 132nd St,1,41.66,-87.54
Public Rack - Martin Luther King Dr & 69th St,2,41.77,-87.62
Public Rack - Vincennes Ave & 99th St,1,41.71,-87.65
Public Rack - Calumet Ave & 51st St,51,41.8,-87.62
Public Rack - Claremont Ave & 71st St,4,41.76,-87.68
Public Rack - Laflin St & 51st St,4,41.8,-87.66
Public Rack - Nordica Ave & Addison St,9,41.95,-87.8
Green St & Madison Ave*,483,41.88182737657135,-87.64883190393448
Public Rack - Kedzie Ave & 64th St - SE,5,41.78,-87.7
Public Rack - King Dr & 83rd St,2,41.74,-87.61
Public Rack - Francisco Ave & Touhy Ave,12,42.01,-87.7
Public  Rack - Albany Ave & 63rd St,12,41.78,-87.7
Public Rack - Kedzie Ave & 54th Pl,6,41.79,-87.7
Public Rack - Harriet E Sayre Public School,6,41.91,-87.8
Public Rack - Baltimore Ave & 132nd St,5,41.66,-87.55
Public Rack - Kedzie Ave & Walnut St,6,41.89,-87.71
Public Rack - Eggleston Ave & 115th St,8,41.69,-87.63
Loomis St & Lexington St*,555,41.87216831488104,-87.66154959797859
Public Rack - May St & 78th St,2,41.75,-87.65
Public Rack - Central Ave & Corcoran Pl,16,41.89,-87.77
Public Rack - Bensley Ave & 103rd St,2,41.71,-87.56
Public Rack - Lafayette Ave & 87th St SW,1,41.74,-87.63
Pubic Rack - Pulaski Rd & 41st,18,41.82,-87.72
Public Rack - Walden Pkwy & 99th St,7,41.71,-87.67
Public Rack - Racine Ave & 74th St,9,41.76,-87.65
Public Rack - Peterson Ave & Drake Ave,2,41.99,-87.72
Public Rack - Ashland Ave & 91st St,11,41.73,-87.66
Public Rack - Kedzie Ave & 61st Pl W,24,41.78,-87.7
Public Rack - Halsted St & 111th St,4,41.69,-87.64
Public Rack - Hamlin Ave & Madison St,10,41.88,-87.72
Public Rack - Jeffery Blvd & 83rd St,1,41.74,-87.57
Public Rack - Ashland Ave & 63rd St,7,41.78,-87.66
Public Rack - 63rd & Western Ave N,5,41.78,-87.68
Public Rack - Wentworth Ave & 103rd St,1,41.71,-87.63
Public Rack - Morgan St & 87th St,2,41.74,-87.65
Public Rack - Longwood Dr & 95th St,2,41.72,-87.67
Public Rack - Kildare Ave & Division Ave,2,41.9,-87.73
Public Rack - Abbott Park,3,41.72,-87.62
Public Rack - Kedvale Ave & 63rd St E,1,41.78,-87.73
Public Rack - Halsted St & 64th St,11,41.78,-87.64
Public Rack - Racine Ave & 76th,8,41.76,-87.65
Public Rack - Kedzie Ave & Chicago Ave,9,41.9,-87.71
Public Rack - Langley Ave & 79th St,13,41.75,-87.61
Public Rack - Western Ave & 106th St - East,6,41.7,-87.68
Public Rack - Wabash Ave & 87th St,3,41.74,-87.62
Public Rack - Avenue J & 106th St,1,41.7,-87.53
Public Rack - Kenneth Ave & 63rd St W,4,41.78,-87.73
Public Rack - Cottage Grove Ave & 92nd St,3,41.73,-87.6
Public Rack - Ewing Ave & 105th St,3,41.7,-87.54
Halsted St & 64th St,4,41.78,-87.64
Bennett Ave & 96th St,1,41.72,-87.58
Parnell Ave & 98th St,3,41.72,-87.64
Public Rack - Ave L & 105th St,1,41.7,-87.54
King Dr & 83rd St,1,41.74,-87.61
Percy Julian HS,1,41.71,-87.65
South Shore High School,1,41.76,-87.58
Public Rack - Kedzie Ave & 61st Pl,4,41.78,-87.7
Park Manor Elementary School,1,41.77,-87.61
Public Rack - Wallace St & 119th St,3,41.68,-87.64
Michigan Ave & 102nd St,1,41.71,-87.62
Damen Ave & 80th St,1,41.75,-87.67
Lawrence Ave & 103rd St,3,41.71,-87.61
Public Rack - Langley Ave & 87th St,1,41.74,-87.61
Western Ave & 116th St,4,41.68,-87.68
Public Rack - Richmond St & Thorndale Ave,2,41.99,-87.7
Newcastle Ave & Wellington Ave,1,41.93,-87.8
Pullman Community Center,1,41.7,-87.59
Michigan Ave & 96th St,2,41.72,-87.62
Corliss Ave & 133rd St,1,41.65,-87.6
Ellis Ave & 132nd Pl,5,41.66,-87.6
Parnell Ave & 103rd St,2,41.71,-87.64
DIVVY CASSETTE REPAIR MOBILE STATION,2,41.779323833333336,-87.644794
Jeffery Blvd & 83rd St,3,41.74,-87.57
Public Rack - S Kostner Ave & W 18th Pl,1,41.86,-87.73
Public Rack - Crandon Ave & 80th St,1,41.75,-87.57
Public Rack - Pulaski Rd & 40th St,3,41.82,-87.72
10101 S Stony Island Ave,3,41.71,-87.58
Oglesby Ave & 105th St,1,41.7,-87.56
Muskegon Ave & 89th St,5,41.73,-87.56
Avenue M & 132nd St,1,41.66,-87.54
Public Rack - Ashland Ave & 83rd St,17,41.74,-87.66
Langley Ave & 105th Pl,4,41.7,-87.61
Kildare Ave & Division Ave,1,41.9,-87.73
Stewart Ave & 123rd St,1,41.67,-87.63
Evans Ave & 63rd St,4,41.78,-87.61
Laflin St & 79th St,1,41.75,-87.66
Kedzie & 103rd St - West,3,41.7,-87.7
Racine Ave & 83rd St,1,41.74,-87.65
Public Rack - Kedzie Ave &amp; 62nd Pl,2,41.78,-87.7
Michigan Ave & 110th St,3,41.69,-87.62
Public Rack - California Ave & Touhy Ave - midblock,2,42.01,-87.7
Kildare Ave & Washignton Blvd,2,41.88,-87.73
East End Ave & 75th St,1,41.76,-87.58
Eggleston Ave & 115th St,2,41.69,-87.63
Public Rack - Pulaski Rd & Polk St,2,41.87,-87.73
Corliss Ave & 103rd St,1,41.71,-87.6
Public Rack - Avers & Lawrence,18,41.97,-87.72
Public Rack - Odell & Talcott,6,41.987285733,-87.810118794
Public Rack - Cumberland & Catherine,23,41.98,-87.84
Public Rack - Pulaski Rd & 83rd St,6,41.741459666666664,-87.72176866666666
Public Rack - Damen & 87th,3,41.74,-87.67
Public Rack - Parkside & Archer,8,41.795707166666666,-87.7634365
Public Rack - 63rd St and Natoma Ave,1,41.77764466666667,-87.7874625
Public Rack - Minuteman Park,6,41.78534416666667,-87.762614
Public Rack - W. Talcott & N. Oriole,2,41.99,-87.82
Public Rack - Christiana & Lincoln,4,41.99,-87.71
Public Rack - 63rd Pl & Narraganssett Ave,10,41.776567936,-87.782092452
Public Rack - Damen & 81st,7,41.74664247,-87.673146129
Public Rack - Linder Ave & 64th Pl,4,41.77544868,-87.758030295
Public Rack - Pulaski & 74th,10,41.76,-87.72
Public Rack - S. New England/ W. 65th,3,41.77,-87.79
Public Rack - Keating & Peterson,2,41.990123833333335,-87.74716683333334
Public Rack - Oketo & Talcott,2,41.99,-87.81
Public Rack - Natoma Ave & 61st St,6,41.78,-87.79
Public Rack - Peterson Ave & Milwaukee Ave,4,41.98966682,-87.780501604
Public Rack - Leland Ave & Melvina Ave,4,41.97,-87.78
Public Rack - Canfield & Victoria,3,41.98,-87.82
Public Rack - Lotus Ave & Lawrence Ave,8,41.97,-87.76
Public Rack - Western & 83rd,6,41.74356183333333,-87.6828015
Public Rack - Milwaukee Ave & Lawrence Ave,8,41.97,-87.76
Public Rack - Olmstead Ave & Oliphant Ave,9,42.0023067,-87.817114353
Public Rack - Touhy Ave & Oconto Ave,4,42.011797667,-87.807577372
Public Rack - Milwaukee Ave & Culyer Ave,16,41.95,-87.75
Public Rack - Austin & 62nd,11,41.77970466666667,-87.77143233333334
Public Rack - Kenton & Lawrence,6,41.97,-87.74
Public Rack - Mason & Archer,4,41.79,-87.77
Public Rack - Holbrook St & Milwaukee Ave,6,41.99,-87.78
Public Rack - Lockwood & Archer,4,41.8,-87.76
Public Rack - Austin & Higgins,8,41.972911358,-87.777587652
Public Rack - Western & 79th,2,41.75,-87.68
Public Rack - William J Onahan Public School,3,41.99,-87.79
Public Rack - Kimball & Ardmore,4,41.99,-87.71
Public Rack - Meade Ave & Archer Ave,4,41.794090986,-87.774046779
Public Rack - Kilpatrick & Elston,9,41.97,-87.74
Public Rack - Sacramento & 71st,1,41.764396,-87.6977995
Public Rack - Harlem and W. 59th,2,41.784905,-87.80105533333334
Public Rack - Kedvale Ave & Peterson Ave,9,41.990208833333334,-87.73229166666667
Public Rack - Lavergne & Lawrence,9,41.967902333333335,-87.752531
Public Rack - Homan Ave & Lake St,4,41.884682298,-87.711486578
Public Rack - Neva & Foster,12,41.97482121,-87.805980802
Public Rack - Northwest Hwy & Neva Ave,4,42.0,-87.81
Public Rack - Nagel & Higgins,3,41.98,-87.79
Public Rack - Kinzua Ave & Devon Ave,2,42.0,-87.77
Public Rack - Central Park & Bryn Mawr,5,41.98,-87.72
Public Rack - 82nd st & Kedzie Ave,5,41.743461847,-87.702314973
Public Rack - S Menard & W 63rd,13,41.777059674,-87.766636848
Public Rack - Irving Park Rd & Austin Ave,3,41.95,-87.78
Public Rack - Kildare Ave & 63rd St,7,41.778477907,-87.730544329
Public Rack - California & 71st,12,41.764715552,-87.693081021
Public Rack - Elston Ave & Kenneth Ave,5,41.97,-87.74
Public Rack - Laramine Ave & Winnemac Ave,17,41.97,-87.76
Public Rack - Milwaukee Ave & Pensacola Ave,11,41.959509,-87.75334816666667
Public Rack - Sayer & Northwest Hwy,13,41.99,-87.8
Public Rack - Ewing Ave & Indianapolis Ave,1,41.71,-87.54
Public Rack - 56th St & Mulligan Ave,12,41.79,-87.78
Public Rack - Linder & Elston,12,41.98,-87.77
Public Rack - Homan & 79th,4,41.75,-87.71
Public Rack - Linder & 51st,6,41.8,-87.76
Public Rack - Ada St & 95th St,1,41.72,-87.66
Public Rack - Kenneth & Carmen,3,41.97288433333333,-87.73924316666667
Public Rack - Hale Ave & 111th St,1,41.69,-87.67
Public Rack - Leoti Ave & Central Ave (south),3,42.0,-87.76
Public Rack - Melvina & Foster,4,41.975615,-87.78338033333333
Woodlawn & 103rd,8,41.70735233333333,-87.594046
Public Rack - Austin Ave & Archer Ave,5,41.79,-87.77
Public Rack - Pulaski & Rosemont,1,41.995217333333336,-87.72881483333333
Public Rack - Bernard St & Foster Ave,2,41.98,-87.71
Public Rack - Homan & 77th,1,41.753491163,-87.707104564
Public Rack - St Louis & 83rd,2,41.741977215,-87.709542155
Public Rack - Lemont Ave & Keating Ave,2,41.99,-87.75
Public Rack - Ozanam Ave & Devon Ave,3,42.0,-87.82
Public Rack - Harlem & Palatine,6,42.0,-87.81
Public Rack - Kostner & Peterson,5,41.99,-87.74
Public Rack - Forest Glen & Peterson,5,41.99,-87.74
Public Rack - Winona St & Elston Ave,5,41.97,-87.75
Public Rack - 63rd St and Nagle Ave,4,41.7776095,-87.782204
Public Rack - Normandy Ave & Archer Ave,4,41.79,-87.79
Public Rack - Hermitage & 83rd St,7,41.74,-87.67
Public Rack - Leader & Caldwell,2,41.99,-87.75
Public Rack - Central Park & Peterson,3,41.99013516666667,-87.7187125
Public Rack - Milwaukee Ave & Higgins Ave,20,41.968605161,-87.761269212
Public Rack - Monticello & Lawrence,3,41.97,-87.72
Public Rack - Lawrence Ave & Kimball Ave,5,41.97,-87.71
Public Rack - Nina Ave & Avondale Ave,3,41.99,-87.8
Public Rack - Mulligan Ave & 56th St,5,41.79,-87.78
Public Rack - Irving Park Rd & Leclaire Ave,7,41.95,-87.75
Public Rack - St Louis & Lincoln,3,41.995829666666666,-87.71611466666667
Public Rack - Natoma Ave & Bryn Mawr Ave,4,41.98,-87.79
Public Rack - Springfield Ave & Lawrence Ave,6,41.968324,-87.7256585
Public Rack - Imlay & Milwaukee,4,41.99907066666667,-87.78957416666667
Public Rack - Oak Park Ave & Foster Ave,2,41.9746095,-87.8119345
Public Rack - Foster Ave & Drake Ave,3,41.98,-87.72
Public Rack - Troy & 71st,4,41.76,-87.7
Public Rack - Central Ave & Lawrence Ave,8,41.967816166666665,-87.767703
Public Rack - Linder Ave & Archer Ave,1,41.8,-87.76
Public Rack - Octavia Ave & Touhy Ave,1,42.01175533333333,-87.80840616666667
Public Rack - Central & Prescott,4,41.99,-87.77
Public Rack - Norwood Park,3,41.99,-87.79
Public Rack - Lavergne Ave & Belle Plaine Ave,1,41.96,-87.75
Public Rack - Overhill Ave & Touhy Ave,6,42.011488318,-87.819081783
Public Rack - Central Ave & Pensacola Ave,8,41.959992647,-87.767214417
Public Rack - California & 87th,3,41.74,-87.69
Public Rack - Karlov Ave & Lawrence Ave,9,41.97,-87.73
Public Rack - Milwaukee Ave & Kennedy Expy,4,41.97,-87.76
Public Rack - Rockwell Ave & 71st St,2,41.76,-87.69
Public Rack - 4810 Keeler Ave,3,41.97,-87.73
Public Rack - Artesian & 71st,1,41.76,-87.68
Public Rack - Kostner & Bryn Mawr,3,41.98,-87.74
Public Rack - Honore St & 87th St - SE,2,41.73551929,-87.669062734
Public Rack - Columbus & 79th,4,41.75,-87.7
Public Rack - Newcastle & Archer,2,41.79,-87.79
Public Rack - Nashotah & Northwest Hwy,2,41.98811933333333,-87.79132466666667
Public Rack - Elizabeth St & 115th St,1,41.684885502,-87.652765155
Public Rack - Bryn Mawr Ave & Spaulding Ave,2,41.98295666666667,-87.71155816666666
Public Rack - Hiawatha Ave & Minnehaha Ave,5,42.0,-87.76
Public Rack - Mango & Higgins,3,41.97,-87.77
Public Rack - New England Ave & Grace St,4,41.95,-87.8
Public Rack - Cicero & Rosemont,3,41.99575766666667,-87.74857516666667
Public Rack - S. Kilpatrick and W. 79th,7,41.749292833333335,-87.73961083333333
Public Rack - Winchester Ave & 87th St,9,41.74,-87.67
Public Rack - Nordica & Archer,2,41.79,-87.8
Public Rack - Devon Ave & Central Ave,2,42.0,-87.76
Public Rack - Mont Clare Ave & Higgins Ave,5,41.98060266666667,-87.80504483333333
Public Rack - Oketo & Northwest Hwy,3,42.0,-87.81
Public Rack - Harlem & Summerdale,6,41.98,-87.81
Public Rack - Kimball Ave & Lawrence Ave,7,41.97,-87.71
Public Rack - Neenah & Archer,1,41.79,-87.79
Public Rack - McVicker & 52nd,1,41.8,-87.77
Public Rack - Minnehaha Ave & Devon Ave,2,42.0,-87.76
Public Rack - Hiawatha & Mendota,2,42.01,-87.78
Public Rack - 61st St & Melvina Ave,9,41.78,-87.78
Public Rack - Milwaukee Ave & Catalpa Ave,3,41.977217674,-87.769011378
Public Rack - Oakley & 79th Pl,1,41.74927,-87.67935033333333
Public Rack - 83rd Pl & Kedzie Ave N,2,41.74,-87.7
Public Rack - Kedzie Ave & 83rd St,5,41.74,-87.7
Public Rack - Mobile Ave & Archer Ave,1,41.79,-87.78
Public Rack - Rutherford & 53rd,1,41.8,-87.79
Public Rack - Parkside & 63rd,3,41.78,-87.76
Public Rack - Ashland Ave & 74th St,3,41.759627,-87.66374983333333
Public Rack - Neenah & Dakin,2,41.95,-87.79
Public Rack - Higgins Ave & Neva Ave,2,41.98,-87.81
Public Rack - Springfield & 71st,3,41.76,-87.72
Public Rack - Mackinaw Ave & 106th St,2,41.7022415,-87.54262066666666
Public Rack - Sayre Ave & 59th St,2,41.78,-87.8
Public Rack - Osceola Ave & Touhy Ave,1,42.01,-87.81
Public Rack - Haft Ave & Milwaukee Ave,2,42.0,-87.79
Public Rack - Kostner & 83rd,3,41.74,-87.73
Public Rack - Panama Ave & Forest Preserve Ave,2,41.94,-87.83
Public Rack - Central Park Ave & Fulton Blvd,4,41.89,-87.72
Public Rack - Lowe Park,1,41.799389958,-87.641551137
Public Rack - Melvina Ave & Montrose Ave,4,41.96,-87.78
Public Rack - Milwaukee Ave & Leland Ave,1,41.966111,-87.75934716666667
Public Rack - Brooks Park,3,42.0,-87.81
Public Rack - Delphina & Foster,6,41.97,-87.84
Public Rack - Central & Berteau,6,41.95687266666667,-87.7673685
Public Rack - Irving Park Rd & Menard Ave,2,41.953204666666664,-87.772199
Public Rack - Ford City Mall,5,41.757144833333335,-87.74141116666667
Public Rack - Leamington & Elston,6,41.9779205,-87.75631483333333
Public Rack - Devon Ave & Minnehaha Ave (east),2,41.997395873,-87.762900114
Public Rack - Ottowa Ave & Touhy Ave,1,42.01149,-87.81818716666666
Public Rack - Pulaski & 84th,2,41.74,-87.72
Public Rack - N. Oakview and W. Gregory St,3,41.98,-87.84
Public Rack - Normandy Ave & Raven St,1,41.99,-87.79
Public Rack - California & 82nd,2,41.74492516666667,-87.69257166666667
Public Rack - Neola & Northwest Hwy,3,41.99,-87.8
Public Rack - Western & 74th,1,41.759473324,-87.682954192
Public Rack - Parnell Ave & 98th St,1,41.72,-87.64
Public Rack - Central & Leland,5,41.97,-87.77
Public Rack - Kedzie & 73rd,1,41.76,-87.7
Public Rack - Lynch & Elston,1,41.981033,-87.76140383333333
Public Rack - Oak Park & Higgins,1,41.98,-87.8
Public Rack - Ozman & Talcott,3,41.99303733333333,-87.821631
Public Rack - Ada St & 119th St,1,41.67754166666667,-87.65481633333333
Public Rack - Ashland Ave & 45th St  S,1,41.811297655,-87.665183187
Public Rack - Mozart & 79th,2,41.75,-87.69
Public Rack - Cicero & 64th,2,41.78,-87.74
Public Rack - Northwest Hwy & Highland Ave,1,42.0,-87.81
Public Rack - Milwaukee Ave & Sunnyside Ave,1,41.96,-87.76
Public Rack - Kedzie & 71st,1,41.764575481,-87.702966571
Public Rack - State St & 47th st,1,41.8090235,-87.6276545
Public Rack - Roscoe St & Osceola Ave,4,41.94,-87.81
Public Rack - Cicero Ave & Belle Plaine Ave,1,41.96,-87.75
Public Rack - Western Blvd & 53rd St,1,41.79702878,-87.68341291
Public Rack - Halsted St & 63rd St,3,41.77973983333333,-87.64134933333334
Public Rack - Horner & 85th,1,41.74,-87.67
Public Rack - Archer Park,1,41.8,-87.74
Public Rack - Elston Ave & Gunnison St,1,41.97,-87.74
Public Rack - Bryn Mawr Ave & Milwaukee Ave,2,41.983137131,-87.774324656
Public Rack - Cottage Grove Ave & 111th St,1,41.69,-87.61
Public Rack - Avers & Granville,1,41.993750166666665,-87.72489033333333
Public Rack - Parnell Ave & 103rd St,2,41.71,-87.64
Public Rack - Harvard Ave & 103rd St,3,41.71,-87.63
Public Rack - Newcastle Ave & Wellington Ave,1,41.94,-87.8
Public Rack - Burnside Academy,1,41.73,-87.61
Public Rack - Buffalo Ave & 133rd St,4,41.65,-87.54
Public Rack - Ewing Ave & 96th St S,1,41.72,-87.54
Public Rack - Hoyne Ave & 51st St,3,41.8,-87.68
Public Rack - Kedvale Ave & 26th St,4,41.84,-87.73
Public Rack - Menard Ave & Adams Blvd,1,41.88,-87.77
Public Rack - Grand Ave & Lawndale Ave,4,41.9,-87.72
Public Rack - Chappel Ave & 71st St,1,41.77,-87.58
Orville T Bright School,2,41.7,-87.56
Public Rack - Pulaski Rd & Grenshaw St,5,41.87,-87.73
Public Rack - Pulaski Rd &amp; 65th St,1,41.77,-87.72
Public Rack - Mt Greenwood Library N,5,41.69,-87.7
Public Rack - Ozark Ave & Addison St,2,41.95,-87.82
Public Rack - Kedvale Ave & 63rd St,1,41.78,-87.73
Public Rack - Oakley Ave & 50th Pl,1,41.8,-87.68
William Rainey Harper High School,1,41.77,-87.67
Public Rack - Yates Ave & 100th St,1,41.71,-87.56
Public Rack - Homan Ave & 111th St,2,41.69,-87.71
Public Rack - Keef Ave & South Chicago Ave,2,41.77,-87.61
Public Rack - Kedzie Ave & Pershing Rd,2,41.82,-87.7
Public Rack - Springfield Ave & 63rd St,2,41.78,-87.72
Public Rack - Martin Luther King Dr & 44th St,2,41.81,-87.62
Public Rack - Green St & 103rd St,1,41.71,-87.64
Public Rack - Central Ave & Adams St,1,41.88,-87.76
West Chatham Park,1,41.75,-87.63
Public Rack - Ashland Ave & 45th St,8,41.81,-87.66
City Rack - Albany Ave & 103rd St,1,41.71,-87.7
Public Rack - East End Ave & 75th St,1,41.76,-87.58
Public Rack - Ewing Ave & 101st St,1,41.71,-87.54
Public Rack - Loomis Blvd & 83rd St,1,41.74,-87.66
Public Rack - Western Ave & 116th St,1,41.68,-87.68
Public Rack - Independence Blvd & Roosevelt,1,41.87,-87.72
Public Rack - Kedzie & 103rd St - East,2,41.71,-87.7
Public Rack - Oleander Ave & Addison St,1,41.94,-87.82
Public Rack - Ewing Ave & 102nd St,1,41.71,-87.54
Public Rack - N Sayre Ave & W Belden Ave,1,41.92,-87.8
Public Rack - Normal Ave & 72nd St,1,41.76,-87.64
Public Rack - Calumet Ave & Garfield Blvd,1,41.79,-87.62
Public Rack - Waller Ave & Chicago Ave,1,41.89,-87.77
